PRAGMA foreign_keys=OFF;
BEGIN TRANSACTION;
CREATE TABLE IF NOT EXISTS "django_migrations" ("id" integer NOT NULL PRIMARY KEY AUTOINCREMENT, "app" varchar(255) NOT NULL, "name" varchar(255) NOT NULL, "applied" datetime NOT NULL);
INSERT INTO django_migrations VALUES(1,'contenttypes','0001_initial','2022-08-15 17:52:51.463519');
INSERT INTO django_migrations VALUES(2,'auth','0001_initial','2022-08-15 17:52:51.495375');
INSERT INTO django_migrations VALUES(3,'admin','0001_initial','2022-08-15 17:52:51.515672');
INSERT INTO django_migrations VALUES(4,'admin','0002_logentry_remove_auto_add','2022-08-15 17:52:51.530882');
INSERT INTO django_migrations VALUES(5,'admin','0003_logentry_add_action_flag_choices','2022-08-15 17:52:51.545789');
INSERT INTO django_migrations VALUES(6,'contenttypes','0002_remove_content_type_name','2022-08-15 17:52:51.566734');
INSERT INTO django_migrations VALUES(7,'auth','0002_alter_permission_name_max_length','2022-08-15 17:52:51.581851');
INSERT INTO django_migrations VALUES(8,'auth','0003_alter_user_email_max_length','2022-08-15 17:52:51.596894');
INSERT INTO django_migrations VALUES(9,'auth','0004_alter_user_username_opts','2022-08-15 17:52:51.609585');
INSERT INTO django_migrations VALUES(10,'auth','0005_alter_user_last_login_null','2022-08-15 17:52:51.623889');
INSERT INTO django_migrations VALUES(11,'auth','0006_require_contenttypes_0002','2022-08-15 17:52:51.631470');
INSERT INTO django_migrations VALUES(12,'auth','0007_alter_validators_add_error_messages','2022-08-15 17:52:51.642459');
INSERT INTO django_migrations VALUES(13,'auth','0008_alter_user_username_max_length','2022-08-15 17:52:51.656633');
INSERT INTO django_migrations VALUES(14,'auth','0009_alter_user_last_name_max_length','2022-08-15 17:52:51.672326');
INSERT INTO django_migrations VALUES(15,'auth','0010_alter_group_name_max_length','2022-08-15 17:52:51.688094');
INSERT INTO django_migrations VALUES(16,'auth','0011_update_proxy_permissions','2022-08-15 17:52:51.700332');
INSERT INTO django_migrations VALUES(17,'auth','0012_alter_user_first_name_max_length','2022-08-15 17:52:51.714074');
INSERT INTO django_migrations VALUES(18,'frontend','0001_initial','2022-08-15 17:52:51.737729');
INSERT INTO django_migrations VALUES(19,'frontend','0002_remove_subelemento_id_elemento_delete_authgroup_and_more','2022-08-15 17:52:51.760125');
INSERT INTO django_migrations VALUES(20,'sessions','0001_initial','2022-08-15 17:52:51.775701');
INSERT INTO django_migrations VALUES(21,'frontend','0003_alter_ficha_contenido','2022-08-16 13:04:49.544723');
INSERT INTO django_migrations VALUES(22,'frontend','0004_remove_ficha_numero_remove_ficha_titulo','2022-08-16 13:13:16.003009');
CREATE TABLE IF NOT EXISTS "auth_group_permissions" ("id" integer NOT NULL PRIMARY KEY AUTOINCREMENT, "group_id" integer NOT NULL REFERENCES "auth_group" ("id") DEFERRABLE INITIALLY DEFERRED, "permission_id" integer NOT NULL REFERENCES "auth_permission" ("id") DEFERRABLE INITIALLY DEFERRED);
CREATE TABLE IF NOT EXISTS "auth_user_groups" ("id" integer NOT NULL PRIMARY KEY AUTOINCREMENT, "user_id" integer NOT NULL REFERENCES "auth_user" ("id") DEFERRABLE INITIALLY DEFERRED, "group_id" integer NOT NULL REFERENCES "auth_group" ("id") DEFERRABLE INITIALLY DEFERRED);
CREATE TABLE IF NOT EXISTS "auth_user_user_permissions" ("id" integer NOT NULL PRIMARY KEY AUTOINCREMENT, "user_id" integer NOT NULL REFERENCES "auth_user" ("id") DEFERRABLE INITIALLY DEFERRED, "permission_id" integer NOT NULL REFERENCES "auth_permission" ("id") DEFERRABLE INITIALLY DEFERRED);
CREATE TABLE IF NOT EXISTS "django_admin_log" ("id" integer NOT NULL PRIMARY KEY AUTOINCREMENT, "action_time" datetime NOT NULL, "object_id" text NULL, "object_repr" varchar(200) NOT NULL, "change_message" text NOT NULL, "content_type_id" integer NULL REFERENCES "django_content_type" ("id") DEFERRABLE INITIALLY DEFERRED, "user_id" integer NOT NULL REFERENCES "auth_user" ("id") DEFERRABLE INITIALLY DEFERRED, "action_flag" smallint unsigned NOT NULL CHECK ("action_flag" >= 0));
INSERT INTO django_admin_log VALUES(1,'2022-08-16 13:35:52.396260','1','Ficha object (1)','[{"changed": {"fields": ["Contenido"]}}]',8,1,2);
INSERT INTO django_admin_log VALUES(2,'2022-08-16 13:42:11.272030','2','Ficha object (2)','[{"added": {}}]',8,1,1);
INSERT INTO django_admin_log VALUES(3,'2022-08-16 13:53:17.719614','1',replace(replace('Prólogo\r\n\r\nEn pocas oportunidades se tienen satisfacciones como la que ahora se me presenta para resaltar un precioso material interactivo la del aprendizaje de la histología, elaborado por el Dr. Mar','\r',char(13)),'\n',char(10)),'[{"changed": {"fields": ["Contenido"]}}]',8,1,2);
INSERT INTO django_admin_log VALUES(4,'2022-08-16 13:56:11.959083','2',replace('Epitelio plano simple. Endocardio. H-E.\r','\r',char(13)),'[{"changed": {"fields": ["Contenido"]}}]',8,1,2);
INSERT INTO django_admin_log VALUES(5,'2022-08-16 14:03:20.861512','3',replace('Epitelio cúbico simple. Túbulos renales. PAS.\r','\r',char(13)),'[{"added": {}}]',8,1,1);
INSERT INTO django_admin_log VALUES(6,'2022-08-16 14:05:19.618413','4',replace('Epitelio cilíndrico simple. Estómago. T. Mallory.\r','\r',char(13)),'[{"added": {}}]',8,1,1);
INSERT INTO django_admin_log VALUES(7,'2022-08-16 14:08:02.299906','5',replace('Epitelio cilíndrico simple con esterocilios. T. Hematoxilina Férrica.\r','\r',char(13)),'[{"added": {}}]',8,1,1);
INSERT INTO django_admin_log VALUES(8,'2022-08-16 14:13:31.656367','6',replace('32 - Epitelio cilíndrico simple con microvellosidades - Epitelio cilíndrico simple con microvellosidades. Intestino delgado. T. Mallory.\r','\r',char(13)),'[{"added": {}}]',8,1,1);
INSERT INTO django_admin_log VALUES(9,'2022-08-16 14:14:32.322167','1',replace('1 - Prologo - Prólogo\r','\r',char(13)),'[]',8,1,2);
INSERT INTO django_admin_log VALUES(10,'2022-08-16 14:31:17.599065','1','1 - Prólogo','[{"changed": {"fields": ["Nombre"]}}]',7,1,2);
INSERT INTO django_admin_log VALUES(11,'2022-08-16 14:33:08.544797','7',replace('33 - Epitelio plano estratificado no queratinizado - Epitelio plano estratificado no queratinizado. Vagina. T. van Gieson.\r','\r',char(13)),'[{"added": {}}]',8,1,1);
INSERT INTO django_admin_log VALUES(12,'2022-08-16 14:35:21.021377','8',replace('34 - Epitelio plano estratificado queratinizado - Epitelio plano estratificado queratinizado. Epidermis. H.E.\r','\r',char(13)),'[{"added": {}}]',8,1,1);
INSERT INTO django_admin_log VALUES(13,'2022-08-16 14:37:42.287204','9',replace('35 - Epitelio cilíndrico pseudoestratificado con esterocilios - Epitelio cilíndrico pseudoestratificado con esterocilios. Epidídimo. T. Mallory.\r','\r',char(13)),'[{"added": {}}]',8,1,1);
INSERT INTO django_admin_log VALUES(14,'2022-08-16 14:49:59.383063','10',replace('36 - Epitelio cilíndrico pseudoestratificado con cilios - Epitelio cilíndrico pseudoestratificado con cilios. H.E.\r','\r',char(13)),'[{"added": {}}]',8,1,1);
INSERT INTO django_admin_log VALUES(15,'2022-08-16 14:51:44.739379','11',replace('37 - Epitelio de transición - Epitelio de transición. Vejiga. T. Mallory.\r','\r',char(13)),'[{"added": {}}]',8,1,1);
INSERT INTO django_admin_log VALUES(16,'2022-08-16 14:53:16.635479','12',replace('38 - Células caliciformes - Células caliciformes. Intestino delgado. T. Mallory.\r','\r',char(13)),'[{"added": {}}]',8,1,1);
INSERT INTO django_admin_log VALUES(17,'2022-08-16 15:18:18.310724','13',replace('39 - Glándulas tubulares simples - Glándulas tubulares simples. Endometrio proliferativo. H.E.\r','\r',char(13)),'[{"added": {}}]',8,1,1);
INSERT INTO django_admin_log VALUES(18,'2022-08-16 15:20:06.094314','14',replace('40 - Glándula acinar compuesta - Glándula acinar compuesta. Páncreas. H.E.\r','\r',char(13)),'[{"added": {}}]',8,1,1);
INSERT INTO django_admin_log VALUES(19,'2022-08-16 15:21:49.565611','15',replace('41 - Glándulas sudoriparas - Glándulas sudoríparas. Piel cabelluda. H.E.\r','\r',char(13)),'[{"added": {}}]',8,1,1);
INSERT INTO django_admin_log VALUES(20,'2022-08-16 15:23:35.957697','16',replace('42 - Glándulas sebáceas - Glándulas sebáceas. Piel cabelluda. H.E.\r','\r',char(13)),'[{"added": {}}]',8,1,1);
INSERT INTO django_admin_log VALUES(21,'2022-08-16 15:24:36.685591','17',replace('43 - Ácinos serosos - Ácinos serosos. Glándula parótida. H.E.\r','\r',char(13)),'[{"added": {}}]',8,1,1);
INSERT INTO django_admin_log VALUES(22,'2022-08-16 15:28:55.630006','18',replace('44 - Glándulas mixtas - Glándulas mixtas. Glándula submaxilar. H.E.\r','\r',char(13)),'[{"added": {}}]',8,1,1);
INSERT INTO django_admin_log VALUES(23,'2022-08-16 15:32:32.552976','19',replace('45 - Glándulas alveolares - Glándulas alveolares. Próstata. H.E.\r','\r',char(13)),'[{"added": {}}]',8,1,1);
INSERT INTO django_admin_log VALUES(24,'2022-08-16 15:37:46.008961','20',replace('46 - Fibras de colágeno densas y laxas - Fibras de colágeno densas y laxas. Dermis. H.E.\r','\r',char(13)),'[{"added": {}}]',8,1,1);
INSERT INTO django_admin_log VALUES(25,'2022-08-16 15:40:12.791462','21',replace('47 - Tejido conectivo denso regular - Tejido conectivo denso regular. Tendón. H.E.\r','\r',char(13)),'[{"added": {}}]',8,1,1);
INSERT INTO django_admin_log VALUES(26,'2022-08-16 15:46:31.007864','22',replace('48 - Tejido reticular - Tejido reticular. Ganglio linfático. Carbonato de plata.\r','\r',char(13)),'[{"added": {}}]',8,1,1);
INSERT INTO django_admin_log VALUES(27,'2022-08-16 15:54:08.950608','23',replace('49 - Tejido conectivo elástico - Tejido conectivo elástico. Arteria elástica. T. Orceína.\r','\r',char(13)),'[{"added": {}}]',8,1,1);
INSERT INTO django_admin_log VALUES(28,'2022-08-16 15:55:45.046579','24',replace('50 - Plasmocitos - Plasmocitos. H.E.\r','\r',char(13)),'[{"added": {}}]',8,1,1);
INSERT INTO django_admin_log VALUES(29,'2022-08-16 15:57:15.237815','25',replace('51 - Histiocitos - Histiocitos. Vesícula biliar. H.E.\r','\r',char(13)),'[{"added": {}}]',8,1,1);
INSERT INTO django_admin_log VALUES(30,'2022-08-16 15:58:30.750305','26',replace('52 - Mesénquima - Mesénquima. H.E.\r','\r',char(13)),'[{"added": {}}]',8,1,1);
INSERT INTO django_admin_log VALUES(31,'2022-08-16 15:59:46.110386','27',replace('53 - Tejido mucoso - Tejido mucoso. Cordón umbilical. H.E.\r','\r',char(13)),'[{"added": {}}]',8,1,1);
INSERT INTO django_admin_log VALUES(32,'2022-08-16 16:10:21.931839','28',replace('54 - Tejido adiposo blanco - Tejido adiposo blanco. H.E.\r','\r',char(13)),'[{"added": {}}]',8,1,1);
INSERT INTO django_admin_log VALUES(33,'2022-08-16 16:15:44.253747','29',replace('55 - Tejido adiposo pardo - Tejido adiposo pardo. H.E.\r','\r',char(13)),'[{"added": {}}]',8,1,1);
INSERT INTO django_admin_log VALUES(34,'2022-08-16 16:22:39.717392','30',replace('56 - Cartílago hialino - Cartilago hialino. Traquea. H.E.\r','\r',char(13)),'[{"added": {}}]',8,1,1);
INSERT INTO django_admin_log VALUES(35,'2022-08-16 17:18:01.341446','31',replace('57 - Cartílago elástico - Cartílago elástico. Oreja. H.E.\r','\r',char(13)),'[{"added": {}}]',8,1,1);
INSERT INTO django_admin_log VALUES(36,'2022-08-16 17:19:10.766532','32','58 - Cartílago elástico. Orceína - Cartílago elástico. Oreja. T. Orceína. Por acción de esta tinción se puede apreciar de manera más clara las fibras elásticas que se hallan dispersas en la matriz, la','[{"added": {}}]',8,1,1);
INSERT INTO django_admin_log VALUES(37,'2022-08-16 17:19:22.526300','32',replace('58 - Cartílago elástico. Orceína - Cartílago elástico. Oreja. T. Orceína.\r','\r',char(13)),'[{"changed": {"fields": ["Contenido"]}}]',8,1,2);
INSERT INTO django_admin_log VALUES(38,'2022-08-16 17:21:26.790184','33',replace('59 - Fibrocartílago. Disco Intervertebral - Fibrocartílago. Disco intervertebral. H.E.\r','\r',char(13)),'[{"added": {}}]',8,1,1);
INSERT INTO django_admin_log VALUES(39,'2022-08-16 17:22:26.485829','34',replace('60 - Fibrocartílago. Menisco - Fibrocartílago. Menisco. H.E.\r','\r',char(13)),'[{"added": {}}]',8,1,1);
CREATE TABLE IF NOT EXISTS "django_content_type" ("id" integer NOT NULL PRIMARY KEY AUTOINCREMENT, "app_label" varchar(100) NOT NULL, "model" varchar(100) NOT NULL);
INSERT INTO django_content_type VALUES(1,'admin','logentry');
INSERT INTO django_content_type VALUES(2,'auth','permission');
INSERT INTO django_content_type VALUES(3,'auth','group');
INSERT INTO django_content_type VALUES(4,'auth','user');
INSERT INTO django_content_type VALUES(5,'contenttypes','contenttype');
INSERT INTO django_content_type VALUES(6,'sessions','session');
INSERT INTO django_content_type VALUES(7,'frontend','elemento');
INSERT INTO django_content_type VALUES(8,'frontend','ficha');
INSERT INTO django_content_type VALUES(9,'frontend','fotografia');
CREATE TABLE IF NOT EXISTS "auth_permission" ("id" integer NOT NULL PRIMARY KEY AUTOINCREMENT, "content_type_id" integer NOT NULL REFERENCES "django_content_type" ("id") DEFERRABLE INITIALLY DEFERRED, "codename" varchar(100) NOT NULL, "name" varchar(255) NOT NULL);
INSERT INTO auth_permission VALUES(1,1,'add_logentry','Can add log entry');
INSERT INTO auth_permission VALUES(2,1,'change_logentry','Can change log entry');
INSERT INTO auth_permission VALUES(3,1,'delete_logentry','Can delete log entry');
INSERT INTO auth_permission VALUES(4,1,'view_logentry','Can view log entry');
INSERT INTO auth_permission VALUES(5,2,'add_permission','Can add permission');
INSERT INTO auth_permission VALUES(6,2,'change_permission','Can change permission');
INSERT INTO auth_permission VALUES(7,2,'delete_permission','Can delete permission');
INSERT INTO auth_permission VALUES(8,2,'view_permission','Can view permission');
INSERT INTO auth_permission VALUES(9,3,'add_group','Can add group');
INSERT INTO auth_permission VALUES(10,3,'change_group','Can change group');
INSERT INTO auth_permission VALUES(11,3,'delete_group','Can delete group');
INSERT INTO auth_permission VALUES(12,3,'view_group','Can view group');
INSERT INTO auth_permission VALUES(13,4,'add_user','Can add user');
INSERT INTO auth_permission VALUES(14,4,'change_user','Can change user');
INSERT INTO auth_permission VALUES(15,4,'delete_user','Can delete user');
INSERT INTO auth_permission VALUES(16,4,'view_user','Can view user');
INSERT INTO auth_permission VALUES(17,5,'add_contenttype','Can add content type');
INSERT INTO auth_permission VALUES(18,5,'change_contenttype','Can change content type');
INSERT INTO auth_permission VALUES(19,5,'delete_contenttype','Can delete content type');
INSERT INTO auth_permission VALUES(20,5,'view_contenttype','Can view content type');
INSERT INTO auth_permission VALUES(21,6,'add_session','Can add session');
INSERT INTO auth_permission VALUES(22,6,'change_session','Can change session');
INSERT INTO auth_permission VALUES(23,6,'delete_session','Can delete session');
INSERT INTO auth_permission VALUES(24,6,'view_session','Can view session');
INSERT INTO auth_permission VALUES(25,7,'add_elemento','Can add elemento');
INSERT INTO auth_permission VALUES(26,7,'change_elemento','Can change elemento');
INSERT INTO auth_permission VALUES(27,7,'delete_elemento','Can delete elemento');
INSERT INTO auth_permission VALUES(28,7,'view_elemento','Can view elemento');
INSERT INTO auth_permission VALUES(29,8,'add_ficha','Can add ficha');
INSERT INTO auth_permission VALUES(30,8,'change_ficha','Can change ficha');
INSERT INTO auth_permission VALUES(31,8,'delete_ficha','Can delete ficha');
INSERT INTO auth_permission VALUES(32,8,'view_ficha','Can view ficha');
INSERT INTO auth_permission VALUES(33,9,'add_fotografia','Can add fotografia');
INSERT INTO auth_permission VALUES(34,9,'change_fotografia','Can change fotografia');
INSERT INTO auth_permission VALUES(35,9,'delete_fotografia','Can delete fotografia');
INSERT INTO auth_permission VALUES(36,9,'view_fotografia','Can view fotografia');
CREATE TABLE IF NOT EXISTS "auth_group" ("id" integer NOT NULL PRIMARY KEY AUTOINCREMENT, "name" varchar(150) NOT NULL UNIQUE);
CREATE TABLE IF NOT EXISTS "auth_user" ("id" integer NOT NULL PRIMARY KEY AUTOINCREMENT, "password" varchar(128) NOT NULL, "last_login" datetime NULL, "is_superuser" bool NOT NULL, "username" varchar(150) NOT NULL UNIQUE, "last_name" varchar(150) NOT NULL, "email" varchar(254) NOT NULL, "is_staff" bool NOT NULL, "is_active" bool NOT NULL, "date_joined" datetime NOT NULL, "first_name" varchar(150) NOT NULL);
INSERT INTO auth_user VALUES(1,'pbkdf2_sha256$320000$L8a9zuPklgHGntgYENgHWh$Vz8e4wKjgpOOduhVAzyaf0xB/cb6Utl6OtgPQhd2piE=','2022-08-16 13:29:04.535054',1,'Galo','','giotheasy@gmail.com',1,1,'2022-08-16 13:28:39.194796','');
CREATE TABLE IF NOT EXISTS "fotografia" ("id_fotografia" integer NOT NULL PRIMARY KEY AUTOINCREMENT, "ruta_fotografia" varchar(1024) NOT NULL, "nombre" varchar(256) NOT NULL, "id_ficha" integer NULL REFERENCES "ficha" ("id_ficha") DEFERRABLE INITIALLY DEFERRED);
CREATE TABLE IF NOT EXISTS "elemento" ("id_elemento" integer NOT NULL PRIMARY KEY AUTOINCREMENT, "nombre" varchar(256) NOT NULL, "ele_id_elemento" integer NULL REFERENCES "elemento" ("id_elemento") DEFERRABLE INITIALLY DEFERRED);
INSERT INTO elemento VALUES(1,'Prólogo',NULL);
INSERT INTO elemento VALUES(2,'Epitelio',NULL);
INSERT INTO elemento VALUES(3,'Glándulas',NULL);
INSERT INTO elemento VALUES(4,'Tejidos',NULL);
INSERT INTO elemento VALUES(5,'Sistemas',NULL);
INSERT INTO elemento VALUES(6,'Aparatos',NULL);
INSERT INTO elemento VALUES(7,'Sentidos Especiales',NULL);
INSERT INTO elemento VALUES(8,'Índice Alfabético',NULL);
INSERT INTO elemento VALUES(9,'Evaluaciones',NULL);
INSERT INTO elemento VALUES(10,'Bibliografía',NULL);
INSERT INTO elemento VALUES(11,'Conectivo',4);
INSERT INTO elemento VALUES(12,'Cartilaginoso',4);
INSERT INTO elemento VALUES(13,'Óseo',4);
INSERT INTO elemento VALUES(14,'Muscular',4);
INSERT INTO elemento VALUES(15,'Nervioso',4);
INSERT INTO elemento VALUES(16,'Sanguíneo',4);
INSERT INTO elemento VALUES(17,'Circulatorio',5);
INSERT INTO elemento VALUES(18,'Endocrino',5);
INSERT INTO elemento VALUES(19,'Linfoide',5);
INSERT INTO elemento VALUES(20,'Tegumentario',5);
INSERT INTO elemento VALUES(21,'Respiratorio',6);
INSERT INTO elemento VALUES(22,'Digestivo',6);
INSERT INTO elemento VALUES(23,'Urinario',6);
INSERT INTO elemento VALUES(24,'Reproductor Femenino',6);
INSERT INTO elemento VALUES(25,'Reproducto Masculino',6);
INSERT INTO elemento VALUES(26,'Ojo',7);
INSERT INTO elemento VALUES(27,'Oído',7);
INSERT INTO elemento VALUES(28,'Epitelio plano simple',2);
INSERT INTO elemento VALUES(29,'Epitelio cúbico simple',2);
INSERT INTO elemento VALUES(30,'Epitelio cilíndrico simple',2);
INSERT INTO elemento VALUES(31,'Epitelio cilíndrico simple con esterocilios',2);
INSERT INTO elemento VALUES(32,'Epitelio cilíndrico simple con microvellosidades',2);
INSERT INTO elemento VALUES(33,'Epitelio plano estratificado no queratinizado',2);
INSERT INTO elemento VALUES(34,'Epitelio plano estratificado queratinizado',2);
INSERT INTO elemento VALUES(35,'Epitelio cilíndrico pseudoestratificado con esterocilios',2);
INSERT INTO elemento VALUES(36,'Epitelio cilíndrico pseudoestratificado con cilios',2);
INSERT INTO elemento VALUES(37,'Epitelio de transición',2);
INSERT INTO elemento VALUES(38,'Células caliciformes',3);
INSERT INTO elemento VALUES(39,'Glándulas tubulares simples',3);
INSERT INTO elemento VALUES(40,'Glándula acinar compuesta',3);
INSERT INTO elemento VALUES(41,'Glándulas sudoriparas',3);
INSERT INTO elemento VALUES(42,'Glándulas sebáceas',3);
INSERT INTO elemento VALUES(43,'Ácinos serosos',3);
INSERT INTO elemento VALUES(44,'Glándulas mixtas',3);
INSERT INTO elemento VALUES(45,'Glándulas alveolares',3);
INSERT INTO elemento VALUES(46,'Fibras de colágeno densas y laxas',11);
INSERT INTO elemento VALUES(47,'Tejido conectivo denso regular',11);
INSERT INTO elemento VALUES(48,'Tejido reticular',11);
INSERT INTO elemento VALUES(49,'Tejido conectivo elástico',11);
INSERT INTO elemento VALUES(50,'Plasmocitos',11);
INSERT INTO elemento VALUES(51,'Histiocitos',11);
INSERT INTO elemento VALUES(52,'Mesénquima',11);
INSERT INTO elemento VALUES(53,'Tejido mucoso',11);
INSERT INTO elemento VALUES(54,'Tejido adiposo blanco',11);
INSERT INTO elemento VALUES(55,'Tejido adiposo pardo',11);
INSERT INTO elemento VALUES(56,'Cartílago hialino',12);
INSERT INTO elemento VALUES(57,'Cartílago elástico',12);
INSERT INTO elemento VALUES(58,'Cartílago elástico. Orceína',12);
INSERT INTO elemento VALUES(59,'Fibrocartílago. Disco Intervertebral',12);
INSERT INTO elemento VALUES(60,'Fibrocartílago. Menisco',12);
INSERT INTO elemento VALUES(61,'Hueso desgastado. Corte transversal',13);
INSERT INTO elemento VALUES(62,'Hueso desgastado. Corte longitudinal',13);
INSERT INTO elemento VALUES(63,'Hueso compacto descalcificado',13);
INSERT INTO elemento VALUES(64,'Hueso compacto trabecular',13);
INSERT INTO elemento VALUES(65,'Osteoclástos',13);
INSERT INTO elemento VALUES(66,'Osificación en base membranosa. Mascarilla fetal',13);
INSERT INTO elemento VALUES(67,'Osificación endocondral. Mano fetal',13);
INSERT INTO elemento VALUES(68,'Articulación de codo',13);
INSERT INTO elemento VALUES(69,'Músculo estriado esquelético. Corte longitudinal',14);
INSERT INTO elemento VALUES(70,'Músculo estriado esquelético. Corte transversal',14);
INSERT INTO elemento VALUES(71,'Músculo estriado esquelético. Hematoxilina férrica',14);
INSERT INTO elemento VALUES(72,'Músculo estriado esquelético. Hematoxilina fosfotúngstica',14);
INSERT INTO elemento VALUES(73,'Músculo cardiaco. Corte longitudinal',14);
INSERT INTO elemento VALUES(74,'Músculo cardiaco. Corte transversal',14);
INSERT INTO elemento VALUES(75,'Músculo cardiaco. Hematoxilina fosfotúngstica',14);
INSERT INTO elemento VALUES(76,'Músculo liso. Intestino delgado',14);
INSERT INTO elemento VALUES(77,'Músculo liso. Miometrio',14);
INSERT INTO elemento VALUES(78,'Cerebro',15);
INSERT INTO elemento VALUES(79,'Cerebelo',15);
INSERT INTO elemento VALUES(80,'Cerebelo. Células de Purkinje',15);
INSERT INTO elemento VALUES(81,'Médula espinal',15);
INSERT INTO elemento VALUES(82,'Médula espinal. Conducto ependimario',15);
INSERT INTO elemento VALUES(83,'Meninges',15);
INSERT INTO elemento VALUES(84,'Ganglio raquídeo',15);
INSERT INTO elemento VALUES(85,'Ganglio raquídeo. Nitrato uranio de Cajal',15);
INSERT INTO elemento VALUES(86,'Nervio periférico. Corte transversal',15);
INSERT INTO elemento VALUES(87,'Nervio periférico. Corte longitudinal',15);
INSERT INTO elemento VALUES(88,'Nervio periférico. Células de Schwann',15);
INSERT INTO elemento VALUES(89,'Neuroglia. Astrocitos fibrosos',15);
INSERT INTO elemento VALUES(90,'Neuroglia. Astrocito protoplasmático',15);
INSERT INTO elemento VALUES(91,'Plexo mientérico de Auerbach',15);
INSERT INTO elemento VALUES(92,'Frotis de sangre humana. Neutrófilos',16);
INSERT INTO elemento VALUES(93,'Frotis de sangre humana. Eosinófilo',16);
INSERT INTO elemento VALUES(94,'Frotis de sangre humana. Basófilo, eosinófilo',16);
INSERT INTO elemento VALUES(95,'Frotis de sangre humana. Monocito',16);
INSERT INTO elemento VALUES(96,'Frotis de sangre humana. Linfocitos',16);
INSERT INTO elemento VALUES(97,'Reticulocitos',16);
INSERT INTO elemento VALUES(98,'Frotis de médula ósea',16);
INSERT INTO elemento VALUES(99,'Hígado fetal. Hematopoyesis extramedular',16);
INSERT INTO elemento VALUES(100,'Sangre de Batracio',16);
INSERT INTO elemento VALUES(101,'Corazón',17);
INSERT INTO elemento VALUES(102,'Pericardio. Miocardio',17);
INSERT INTO elemento VALUES(103,'Endocardio',17);
INSERT INTO elemento VALUES(104,'Arteria elástica',17);
INSERT INTO elemento VALUES(105,'Aorta',17);
INSERT INTO elemento VALUES(106,'Arteria muscular',17);
INSERT INTO elemento VALUES(107,'Arteria muscular. Orceína',17);
INSERT INTO elemento VALUES(108,'Vena',17);
INSERT INTO elemento VALUES(109,'Capilares sinusoides en hígado',17);
INSERT INTO elemento VALUES(110,'Hipófisis',18);
INSERT INTO elemento VALUES(111,'Porción distal de hipófisis',18);
INSERT INTO elemento VALUES(112,'Pars Nerviosa',18);
INSERT INTO elemento VALUES(113,'Pars Intermedia',18);
INSERT INTO elemento VALUES(114,'Tiroides',18);
INSERT INTO elemento VALUES(115,'Tiroides. Van Gieson',18);
INSERT INTO elemento VALUES(116,'Paratiroides',18);
INSERT INTO elemento VALUES(117,'Paratiroides. Gran aumento',18);
INSERT INTO elemento VALUES(118,'Glándula suprarrenal',18);
INSERT INTO elemento VALUES(119,'Glándula suprarrenal. Van Gieson',18);
INSERT INTO elemento VALUES(120,'Corteza suprarrenal',18);
INSERT INTO elemento VALUES(121,'Glándula pineal',18);
INSERT INTO elemento VALUES(122,'Glándula pineal. Mallory',18);
INSERT INTO elemento VALUES(123,'Ganglio linfático',19);
INSERT INTO elemento VALUES(124,'Timo',19);
INSERT INTO elemento VALUES(125,'Timo. Gran aumento',19);
INSERT INTO elemento VALUES(126,'Bazo',19);
INSERT INTO elemento VALUES(127,'Bazo. Van Gieson',19);
INSERT INTO elemento VALUES(128,'Amígdala palatina',19);
INSERT INTO elemento VALUES(129,'Amígdala faríngea',19);
INSERT INTO elemento VALUES(130,'Apéndice cecal. Folículos linfoides',19);
INSERT INTO elemento VALUES(131,'Apéndice cecal. Van Gieson',19);
INSERT INTO elemento VALUES(132,'Piel delgada',20);
INSERT INTO elemento VALUES(133,'Piel delgada. Gran aumento',20);
INSERT INTO elemento VALUES(134,'Piel delgada. Mallory',20);
INSERT INTO elemento VALUES(135,'Piel gruesa',20);
INSERT INTO elemento VALUES(136,'Piel gruesa. Van Gieson',20);
INSERT INTO elemento VALUES(137,'Piel gruesa. Melanocitos',20);
INSERT INTO elemento VALUES(138,'Piel cabelluda. Glándulas sebáceas',20);
INSERT INTO elemento VALUES(139,'Piel cabelluda. Glándulas sudoríparas',20);
INSERT INTO elemento VALUES(140,'Folículo piloso',20);
INSERT INTO elemento VALUES(141,'Uña. Corte longitudinal. Eponiquio',20);
INSERT INTO elemento VALUES(142,'Uña. Corte longitudinal. Hiponiquio',20);
INSERT INTO elemento VALUES(143,'Uña. Corte transversal',20);
INSERT INTO elemento VALUES(144,'Fosas nasales',21);
INSERT INTO elemento VALUES(145,'Epiglotis',21);
INSERT INTO elemento VALUES(146,'Epiglotis. Mallory',21);
INSERT INTO elemento VALUES(147,'Tráquea',21);
INSERT INTO elemento VALUES(148,'Tráquea. Mallory',21);
INSERT INTO elemento VALUES(149,'Bronquio',21);
INSERT INTO elemento VALUES(150,'Pulmón',21);
INSERT INTO elemento VALUES(151,'Pulmón. Mallory',21);
INSERT INTO elemento VALUES(152,'Labio',22);
INSERT INTO elemento VALUES(153,'Pared lateral de boca',22);
INSERT INTO elemento VALUES(154,'Encía',22);
INSERT INTO elemento VALUES(155,'Lengua',22);
INSERT INTO elemento VALUES(156,'Lengua. Van Gieson',22);
INSERT INTO elemento VALUES(157,'Diente descalcificado',22);
INSERT INTO elemento VALUES(158,'Odontogénesis',22);
INSERT INTO elemento VALUES(159,'Glándula parótida',22);
INSERT INTO elemento VALUES(160,'Glándula submaxilar',22);
INSERT INTO elemento VALUES(161,'Glándula sublingual',22);
INSERT INTO elemento VALUES(162,'Faringe',22);
INSERT INTO elemento VALUES(163,'Esófago',22);
INSERT INTO elemento VALUES(164,'Esófago. Mallory',22);
INSERT INTO elemento VALUES(165,'Estómago',22);
INSERT INTO elemento VALUES(166,'Estómago. Glándulas fúndicas',22);
INSERT INTO elemento VALUES(167,'Duodeno',22);
INSERT INTO elemento VALUES(168,'Intestino delgado',22);
INSERT INTO elemento VALUES(169,'Intestino delgado. Vellosidades',22);
INSERT INTO elemento VALUES(170,'Intestino delgado. Plexo de Auerbach',22);
INSERT INTO elemento VALUES(171,'Intestino grueso',22);
INSERT INTO elemento VALUES(172,'Apéndice cecal',22);
INSERT INTO elemento VALUES(173,'Hígado humano',22);
INSERT INTO elemento VALUES(174,'Hígado humano. Van Gieson',22);
INSERT INTO elemento VALUES(175,'Hígado humano. Espacio porta',22);
INSERT INTO elemento VALUES(176,'Hígado de cerdo',22);
INSERT INTO elemento VALUES(177,'Hígado de cerdo. Mallory',22);
INSERT INTO elemento VALUES(178,'Vesícula biliar',22);
INSERT INTO elemento VALUES(179,'Vesícula biliar. Van Gieson',22);
INSERT INTO elemento VALUES(180,'Páncreas',22);
INSERT INTO elemento VALUES(181,'Páncreas. Van Gieson',22);
INSERT INTO elemento VALUES(182,'Riñón',23);
INSERT INTO elemento VALUES(183,'Riñón. Médula',23);
INSERT INTO elemento VALUES(184,'Riñón. Corpúsculo renal',23);
INSERT INTO elemento VALUES(185,'Pelvis renal',23);
INSERT INTO elemento VALUES(186,'Pelvis renal. Mallory',23);
INSERT INTO elemento VALUES(187,'Uréter',23);
INSERT INTO elemento VALUES(188,'Uréter. Mallory',23);
INSERT INTO elemento VALUES(189,'Vejiga',23);
INSERT INTO elemento VALUES(190,'Vejiga. Mallory',23);
INSERT INTO elemento VALUES(191,'Ovario',24);
INSERT INTO elemento VALUES(192,'Ovario. Folículo secundario',24);
INSERT INTO elemento VALUES(193,'Cuerpo albicans',24);
INSERT INTO elemento VALUES(194,'Trompta uterina',24);
INSERT INTO elemento VALUES(195,'Endometrio proliferativo',24);
INSERT INTO elemento VALUES(196,'Endometrio secretor temprano',24);
INSERT INTO elemento VALUES(197,'Cuello uterino. Zona de transición',24);
INSERT INTO elemento VALUES(198,'Endocervix',24);
INSERT INTO elemento VALUES(199,'Vagina',24);
INSERT INTO elemento VALUES(200,'Placenta',24);
INSERT INTO elemento VALUES(201,'Cordón umbilical',24);
INSERT INTO elemento VALUES(202,'Glándula mamaria',24);
INSERT INTO elemento VALUES(203,'Testículo',25);
INSERT INTO elemento VALUES(204,'Testículo. Células de Leydig',25);
INSERT INTO elemento VALUES(205,'Epididimo',25);
INSERT INTO elemento VALUES(206,'Epididimo. Mallory',25);
INSERT INTO elemento VALUES(207,'Conducto deferente',25);
INSERT INTO elemento VALUES(208,'Conducto deferente. Van Gieson',25);
INSERT INTO elemento VALUES(209,'Vesícula seminal',25);
INSERT INTO elemento VALUES(210,'Próstata',25);
INSERT INTO elemento VALUES(211,'Pene',25);
INSERT INTO elemento VALUES(212,'Pene. Cuerpo esponjoso',25);
INSERT INTO elemento VALUES(213,'Pene. Cuerpo cavernoso',25);
INSERT INTO elemento VALUES(214,'Ojo fetal',26);
INSERT INTO elemento VALUES(215,'Córnea',26);
INSERT INTO elemento VALUES(216,'Cuerpo ciliar',26);
INSERT INTO elemento VALUES(217,'Retina. Coroides. Esclerótica',26);
INSERT INTO elemento VALUES(218,'Cristalino',26);
INSERT INTO elemento VALUES(219,'Órgano de Corti',27);
INSERT INTO elemento VALUES(220,'Pabellón de oreja',27);
CREATE TABLE IF NOT EXISTS "django_session" ("session_key" varchar(40) NOT NULL PRIMARY KEY, "session_data" text NOT NULL, "expire_date" datetime NOT NULL);
INSERT INTO django_session VALUES('1s4s98090c8f9vqqndjx5dt19lxfrae9','.eJxVjDkOwjAUBe_iGln2J15ESc8ZrL_YOIAcKU6qiLtDpBTQvpl5m0q4LjWtPc9pFHVRVp1-N0J-5rYDeWC7T5qntswj6V3RB-36Nkl-XQ_376Bir986ogMqBBGZXUQgDAXEGjIO0RouZCQwo89UzhIgl0EGB4HBO3bZq_cHGQ85MQ:1oNwcy:axOhfmAjU2JCHyI_tsdi0zkW_uTbzVOB2BYErmSZhao','2022-08-30 13:29:04.543679');
CREATE TABLE IF NOT EXISTS "ficha" ("id_ficha" integer NOT NULL PRIMARY KEY AUTOINCREMENT, "contenido" text NULL, "id_elemento" integer NULL REFERENCES "elemento" ("id_elemento") DEFERRABLE INITIALLY DEFERRED);
INSERT INTO ficha VALUES(1,replace(replace('Prólogo\r\n\r\nEn pocas oportunidades se tienen satisfacciones como la que ahora se me presenta para resaltar un precioso material interactivo la del aprendizaje de la histología, elaborado por el Dr. Marco Aliaga, un médico joven, que de esta manera muestra sus potencialidades para la academia y la ciencia, y de quien me enorgullezco haber sido su colaborador en éste emprendimiento.\r\n\r\nEs un hito para la historia de la Facultad porque el material se ha producido en la Cátedra, con fotografías obtenidas de las laminillas creadas por nuestras histotecnólogas y que tiene el objetivo de facilitar el aprendizaje y la enseñanza de estudiantes y académicos.\r\n\r\nLo interesante, es que con este medio interactivo pretendemos promover el aprendizaje independiente y el uso de las nuevas tecnologías en sustitución del microscopio, al que le quedan reservadas otras funciones. De esta maneca, el estudiante podrá aprender histología sin necesidad de contar con un microscopio facilitando las tareas de los docentes.\r\n\r\nGuido Zambrana Avila\r\nDECANO','\r',char(13)),'\n',char(10)),1);
INSERT INTO ficha VALUES(2,replace(replace('Epitelio plano simple. Endocardio. H-E.\r\nLlamado también epitelio escamoso simple, se encuentra formado por un solo plano de células planas, donde predomina la altura sobre el ancho celular.\r\nLa forma celular es poligonal que contrasta con un núcleo ovalado y ocasionalmente aplanado. En esta foto se observa un perfil celular que demuestra su forma ahusada, donde cada célula es más delgada en sus extremos en relación a la porción central, por la presencia del núcleo.\r\nDe acuerdo a donde se encuentre este tipo de epitelio tiene funciones como: el transporte del líquido, el intercambio gaseoso, como membrana limitante, lubricación, membrana de recubrimiento y la absorción de líquidos.\r\n\r\nAlgunos ejemplos de lugares donde se encuentra este epitelio son:\r\n\r\n- Conducto semicircular del oído interno y el oído medio.\r\n- Capa parietal de la cápsula de Bowman y asa de Henle en riñones.\r\n- Alvéolos pulmonares.\r\n- Como mesotelio, recubriendo cavidades, como la pleural y peritoneal.\r\n- Como endotelio que recubre las cavidades internas del corazón, vasos sanguíneos y linfáticos.','\r',char(13)),'\n',char(10)),28);
INSERT INTO ficha VALUES(3,replace(replace('Epitelio cúbico simple. Túbulos renales. PAS.\r\nSe observa la sección de un túbulo renal, donde se aprecia claramente una capa de células don-de la altura es similar a su ancho, adoptando la forma de un cubo con núcleos esféricos centrales.\r\n\r\nLas funciones de este epitelio son: secreción y absorción celular.\r\n\r\nAlgunos ejemplos de lugares donde se encuentra este tipo de epitelio son:\r\n\r\n- Túbulos renales.\r\n- Conductos secretores de la mayor parte de glándulas.\r\n- Folículos de la glándula tiroides.\r\n- Superficie del ovario.','\r',char(13)),'\n',char(10)),29);
INSERT INTO ficha VALUES(4,replace(replace('Epitelio cilíndrico simple. Estómago. T. Mallory.\r\nEn este tipo de epitelio predomina la altura sobre el ancho, sin embargo visto desde la superficie es semejante al epitelio cúbico, pero la diferencia fundamental para su reconocimiento son los núcleos que en el epitelio cilíndrico son ovalados y están próximos a la superficie basal celular.\r\n\r\nAlgunos ejemplos de lugares donde se encuentra este tipo de epitelio son:\r\n\r\n- Superficie interna del tubo digestivo.\r\n- Vesícula biliar\r\n- Como epitelio secretor de algunas glándulas.','\r',char(13)),'\n',char(10)),30);
INSERT INTO ficha VALUES(5,replace(replace('Epitelio cilíndrico simple con esterocilios. T. Hematoxilina Férrica.\r\nLos cilios son un tipo de especialización de la superficie celular, los cuales pueden ser de dos tipos: esterocilios los cuales inmóviles o cinocilios, que son móviles. En el primer caso los esterocilios tienen por función aumentar la superficie apical e incrementar la absorción celular. En el caso de los cinocilios la función es la de desplazar el moco y otras sustancias sobre la superficie del epitelio hacia una estructura o lugar determinado.\r\n\r\nAlgunos ejemplos de lugares donde se encuentran estos tipos de epitelio son:\r\n\r\nEsterocilios:\r\n\r\n- Conductillos eferentes del testículo.\r\n- Células piliformes del oído interno.\r\n\r\nCinocilios:\r\n- Bronquíolos.\r\n- Trompas uterinas.\r\n- Útero.','\r',char(13)),'\n',char(10)),31);
INSERT INTO ficha VALUES(6,replace(replace('Epitelio cilíndrico simple con microvellosidades. Intestino delgado. T. Mallory.\r\nLas microvellosidades son otro tipo de especialización de la superficie celular, cuyas proyecciones citoplasmáticas le han merecido la designación de ribete en cepillo, borde en cepillo o chapa estriada.\r\n\r\nLa función principal es la de incrementar la superficie de su epitelio para el transporte, secreción, protección y absorción celular.\r\n\r\nAlgunos ejemplos de lugares donde se encuentra este tipo de epitelio son:\r\n\r\n- Células del intestino delgado.\r\n- Túbulos proximales renales.','\r',char(13)),'\n',char(10)),32);
INSERT INTO ficha VALUES(7,replace(replace('Epitelio plano estratificado no queratinizado. Vagina. T. van Gieson.\r\nEste tipo de epitelio contiene numerosas capas celulares superpuestas, donde las más cercanas a la membrana basal varían de cilíndricas a cúbicas mientras que capas más superficiales se tornan planas, por lo cual se debe el nombre de este epitelio.\r\n\r\nUn detalle importante para la diferenciación del epitelio plano estratificado no queratinizado con el epitelio plano estratificado queratinizado, es la presencia de los núcleos celulares, los cuales se mantienen a todo nivel en las capas celulares del primer caso. La función principal es protección de mucosas y secreción celular.\r\n\r\nAlgunos ejemplos de lugares donde se encuentra este tipo de epitelio son mucosas como:\r\n\r\n- Vagina\r\n- Esófago\r\n- Mucosa oral\r\n- Pliegues vocales\r\n- Córnea','\r',char(13)),'\n',char(10)),33);
INSERT INTO ficha VALUES(8,replace(replace('Epitelio plano estratificado queratinizado. Epidermis. H.E.\r\nContiene numerosas capas celu-lares superpuestas, donde células cercanas a la membrana basal varían de cilíndricas a cúbicas mientras que las más superficiales se tornan planas tornan planas, por lo cual se debe el nombre de este epitelio.\r\nUn detalle importante para la diferenciación del epitelio plano estratificado queratinizado con el epitelio plano estratificado no queratinizado, es la ausencia de núcleos, los cuales van desapareciendo en capas celulares más superficiales. La función principal es la protección que brindan estas células al formar capas córneas, frente a distintos estímulos y contactos físicos o químicos del medio exterior. \r\n\r\nAlgunos ejemplos de lugares donde se encuentra este tipo de epitelio son: \r\n\r\n- Epidermis\r\n- Encías\r\n- Paladar duro','\r',char(13)),'\n',char(10)),34);
INSERT INTO ficha VALUES(9,replace(replace('Epitelio cilíndrico pseudoestratificado con esterocilios. Epidídimo. T. Mallory.\r\nEn este tipo de epitelio, todas las celulares se encuentran en contacto con la membrana basal, pero no todas llegan a la superficie. Por lo tanto existen dos tipos celulares: unas que son bajas y anchas en su su-perficie basal; otras que son cilíndricas, altas y delgadas en la superficie basal y angostas en la superficie apical. Por otro lado los núcleos celula-res se observan a distintos niveles lo cual otorga a este epitelio un aspecto estratificado.\r\n\r\nEste epitelio posee un tipo de especialización de superficie celular como son los esterocilios, los cuales con inmóviles.\r\n\r\nLas principales funciones de este epitelio son: protección, absorción y secreción.\r\n\r\nEl lugar donde se encuentra este tipo de epitelio es:\r\n\r\n- La mayor parte del conducto del epidídimo.','\r',char(13)),'\n',char(10)),35);
INSERT INTO ficha VALUES(10,replace(replace('Epitelio cilíndrico pseudoestratificado con cilios. H.E.\r\nSus características están referidas a que todas las células se encuentran en contacto con la membrana basal pero no todas llegan a la superficie. Existen dos tipos celulares: unas que en la superficie basal son bajas y anchas, otras que son cilíndricas, altas y delgadas en la superficie basal y angostas en la superficie apical. Por otro lado los núcleos se observan a distintos niveles lo cual otorga a este epitelio el aspecto estratificado.\r\n\r\nLos cilios que posee su superficie apical son del tipo móvil por lo tanto intervienen en el transporte y protección celular. Como este epitelio se encuentra revistiendo la mayor parte de las vías respiratorias se lo ha denominado también epitelio respiratorio.\r\n\r\nAlgunos lugares donde se encuentra este tipo de epitelio son:\r\n\r\n- Tráquea\r\n- Bronquios principales\r\n- Trompas auditivas \r\n- Parte de la cavidad timpánica\r\n- Parte de la cavidad nasal\r\n- Parte del saco lagrimal','\r',char(13)),'\n',char(10)),36);
INSERT INTO ficha VALUES(11,replace(replace('Epitelio de transición. Vejiga. T. Mallory.\r\nAntiguamente se pensaba que este epitelio era la transición entre los epitelios plano y cilíndrico estratificados. Sin embargo se sabe actualmente, que la forma celular variará de acuerdo a si su superficie epitelial se encuentra contraída o dilatada, ya que este epitelio es particular de órganos huecos que sufren variaciones de volumen como lo son las vías urinarias, razón por la cual se la ha denominado también como urotelio.\r\n\r\nPor lo tanto las funciones de este epitelio serán la protección y distensión.','\r',char(13)),'\n',char(10)),37);
INSERT INTO ficha VALUES(12,replace(replace('Células caliciformes. Intestino delgado. T. Mallory.\r\nSon glándulas de tipo unicelular donde cada célula es una unidad secretora. Su forma se asemeja a la de una copa de vino o cáliz.\r\n\r\nEsta glándula es el tipo más simple de glándula exocrina cuya función principal es la de secretar un líquido viscoso lubricante, compuesto por mucina y agua, formando así el moco que recubrirá el tubo digestivo y las vías respiratorias, los cuales son lugares donde se pueden localizar estas glándulas. \r\n\r\nSu función principal es la de lubricar y proteger la lámina epitelial de los tejidos donde se las encuentra.','\r',char(13)),'\n',char(10)),38);
INSERT INTO ficha VALUES(13,replace(replace('Glándulas tubulares simples. Endometrio proliferativo. H.E.\r\nLas glándulas tubulares simples son de tipo exocrino y están organizadas por varias células que conforman una unidad, por cuya morfología se las han denominado tubulares. Por otro lado, no presentan ramificaciones en sus conductos, por lo cual se las clasifican como simples. \r\n\r\nSe puede encontrar ejemplos de estas glándulas en:\r\n\r\n- El endometrio proliferativo.\r\n- Glándulas intestinales (Criptas de Lieberkühn)\r\n- Glándulas sudoríparas (Glándula tubular enrollada)','\r',char(13)),'\n',char(10)),39);
INSERT INTO ficha VALUES(14,replace(replace('Glándula acinar compuesta. Páncreas. H.E.\r\nComo se muestra en la foto, cada unidad secretora tiene la forma externa de un saco mientras que la luz central es de tipo tubular, por lo cual cada célula tiene un aspecto piramidal. En el caso particular, por tratarse del páncreas, se considera a esta glándula como mixta, ya que tiene una función exocrina a través de sus ácinos serosos de contenido enzimático y endócrina a través de los Islotes de Langerhans donde se producen hormonas.\r\n\r\nPor el mecanismo de secreción, estas glándulas son de tipo merócrino, donde se expulsa sólo el producto elaborado sin pérdida de sustancia celular.','\r',char(13)),'\n',char(10)),40);
INSERT INTO ficha VALUES(15,replace(replace('Glándulas sudoríparas. Piel cabelluda. H.E.\r\nSon un tipo de glándulas exócrinas organizadas por varias células en unidades. Cada unidad es de tipo tubular sin ramificaciones, por lo tanto son de tipo simple. Una particularidad esencial es el fondo tubular de estas glándulas, las cuales se encuentran enrolladas. En la fotografía no se puede apreciar este detalle ya que gran parte de estas glándulas han sido seccionadas de manera transversal por lo cual tienen una forma circular y no tubular.\r\n\r\nPor el mecanismo de secreción puede considerarse a este tipo de glándula de tipo apócrino ya que se libera junto al producto de secreción parte del cito-plasma apical.','\r',char(13)),'\n',char(10)),41);
INSERT INTO ficha VALUES(16,replace(replace('Glándulas sebáceas. Piel cabelluda. H.E.\r\nLas glándulas sebáceas se componen de alvéolos redondeados, que en su conjunto forman masas a manera de racimos de uva, las cuales tienen un solo conducto excretor que normalmente se abre hacia el folículo piloso. \r\n\r\nEste tipo de glándula se la localiza en cualquier región del cuerpo excepto en palmas de la mano, plantas y dorso de los pies.\r\n\r\nPor el mecanismo de secreción puede considerarse a esta glándula como holócrina ya que el producto final de la secreción está compuesta por la célula entera, vale decir, que la célula en su totalidad se desintegra para constituirse como parte de la secreción.','\r',char(13)),'\n',char(10)),42);
INSERT INTO ficha VALUES(17,replace(replace('Ácinos serosos. Glándula parótida. H.E.\r\nLa unidad secretora en este tipo de glándula, está compuesta por ácinos, que tienen la forma externa de un saco las cuales están agrupadas en círculos para dar lugar a una luz central que es de tipo tubular donde se vierte la secreción. Se observa también la presencia de algunos conductos intralobulillares que recogen el producto de secreción de estas glándulas.\r\n\r\nPor el mecanismo de secreción, estas glándulas son de tipo merócrino, donde se expulsa sólo el producto elaborado sin la pérdida de sustancia celular.','\r',char(13)),'\n',char(10)),43);
INSERT INTO ficha VALUES(18,replace(replace('Glándulas mixtas. Glándula submaxilar. H.E.\r\nSe ha denominado glándulas mixtas ya que poseen tanto ácinos serosos como ácinos mucosos. La función principal de los ácinos serosos es la de secretar enzimas, mientras que los ácinos mucosos secretan mucina de consistencia espesa para proteger y lubricar la superficie epitelial de los tejidos adyacentes.\r\n\r\nComo se demuestra en la foto se pueden encontrar escasos ácinos serosos que unidas a ácinos mucosos forman estructuras con forma de semi-lunas las cuales se la han denominado las semi-lunas de von Ebner.','\r',char(13)),'\n',char(10)),44);
INSERT INTO ficha VALUES(19,replace(replace('Glándulas alveolares. Próstata. H.E.\r\nLos alvéolos prostáticos tienen una forma muy irregular y son de tamaño variable. Contienen en su interior el producto de su secreción como cuerpos Amiláceos.','\r',char(13)),'\n',char(10)),45);
INSERT INTO ficha VALUES(20,replace(replace('Fibras de colágeno densas y laxas. Dermis. H.E.\r\nLas fibras de colágeno se encuentran en todos los tipos de tejido las cuales a su vez están conformadas por proteínas denominadas colágena. \r\n\r\nEn el caso particular se puede apreciar fibras de colágeno denso de tipo irregular ya que presenta fibras colágenas gruesas con una distribución en todos los sentidos, además existe poca sustancia fundamental y algunas células como los fibroblastos. Este tipo de fibras le dan a los tejidos la capacidad de resistencia y dureza necesarios para el sostén celular. \r\nPor otro lado encontramos también fibras de tejido conectivo laxo, las cuales contienen también fibras que están dispuestas de manera laxa donde podremos encontrar tres elementos: sustancia fundamental amorfa, fibras y células como los fibroblastos y macrófagos que son los más comunes. Su función principal es la de albergar estructuras como los nervios, vasos sanguíneos y linfáticos.','\r',char(13)),'\n',char(10)),46);
INSERT INTO ficha VALUES(21,replace(replace('Tejido conectivo denso regular. Tendón. H.E.\r\nEn este tipo de tejido encontramos haces de fibras de colágeno gruesas las cuales adoptan una disposición paralela que además es ordenada.\r\n\r\nDentro de este grupo encontramos a los tendones, la mayoría de los ligamentos y aponeurosis. En el tendón podemos encontrar células con núcleos condensados alargados y planos, cuyas células están dispuestas entre las fibras de colágeno a las cuales se las ha denominado tenocitos, sin embargo estos no son nada más que fibroblastos especializados.\r\n\r\nLa función principal de este tejido es la de soportar gran resistencia a la tensión.','\r',char(13)),'\n',char(10)),47);
INSERT INTO ficha VALUES(22,replace(replace('Tejido reticular. Ganglio linfático. Carbonato de plata.\r\nEl tejido reticular es un tipo primitivo de tejido conectivo, caracterizado por la presencia de una red de fibras reticulares entretejidas en base a fibras de colágeno tipo III, fibroblastos, linfocitos y macrófagos.\r\n\r\nLa función principal es formar el armazón de diferentes órganos.\r\n\r\nSe puede localizar este tejido en:\r\n\r\n- Ganglios linfáticos.\r\n- Médula ósea.\r\n- Hígado.\r\n- Bazo.\r\n- Músculo liso.\r\n- Islotes de Langerhans.\r\n- Tejido adiposo.','\r',char(13)),'\n',char(10)),48);
INSERT INTO ficha VALUES(23,replace(replace('Tejido conectivo elástico. Arteria elástica. T. Orceína.\r\nEn este tejido las fibras elásticas están agrupadas en forma paralela, donde resaltan muchos núcleos ovales o alargados con escaso citoplasma que corresponde a los fibroblastos, esto lo hace diferente del tejido conectivo denso regular donde sus células presentan núcleos planos.\r\n\r\nSu principal función es otorgar elasticidad en los órganos donde este tejido se localice.\r\n\r\nSe puede encontrar este tejido en:\r\n\r\n- Arterias elásticas.\r\n- Ligamento cervical posterior.\r\n- Ligamento amarillo de la columna vertebral.\r\n- Ligamentos en la laringe.\r\n- Fascia abdominal superficial.','\r',char(13)),'\n',char(10)),49);
INSERT INTO ficha VALUES(24,replace(replace('Plasmocitos. H.E.\r\nLos plasmocitos son parte de las células del tejido conectivo, se asemejan a los linfocitos pero que tienen un diámetro mayor. El nombre es conferido por presentar un citoplasma amplio contrastado con un núcleo que generalmente es excéntrico y tiene la forma de una rueda o las horas de un reloj. Representan una diferenciación especial del linfocito B y su principal función es la producción de anticuerpos.\r\n\r\nEstas células son raras dentro del tejido conectivo pero se las pueden localizar en:\r\n\r\n- Membranas serosas.\r\n- Tejido linfoide.\r\n- Lámina propia del tubo digestivo.','\r',char(13)),'\n',char(10)),50);
INSERT INTO ficha VALUES(25,replace(replace('Histiocitos. Vesícula biliar. H.E.\r\nLos histiocitos llamados también macrófagos derivan de las células precursoras de la médula ósea. Los macrófagos circulan por la sangre como monocitos, emigran a través de las paredes de los capilares sanguíneos y se depositan en diferentes tejidos del cuerpo donde tomarán diferentes nominaciones como: \r\n\r\n- Los histiocitos en la vesícula biliar.\r\n- Células de Kupffer en el hígado.\r\n- Macrófagos alveolares en pulmones.\r\n- Microglía en el sistema nervioso.\r\n- Osteoclastos en el hueso.\r\n\r\nSu función es la fagocitar células muertas, bacterias y partículas extrañas.','\r',char(13)),'\n',char(10)),51);
INSERT INTO ficha VALUES(26,replace(replace('Mesénquima. H.E.\r\nEs un tipo de tejido conectivo no especializado que se aparece en las primeras semanas de vida embrionaria cuyas células al diferenciarse van desapareciendo.\r\n\r\nEstá conformado por células mesenquimatosas que tienen prolongaciones ramificadas que parecen unirse unas con otras, se encuentran inmersas en sustancia fundamental amorfa.\r\n\r\nSu función principal es la de diferenciarse en los tejidos conectivos del adulto.','\r',char(13)),'\n',char(10)),52);
INSERT INTO ficha VALUES(27,replace(replace('Tejido mucoso. Cordón umbilical. H.E.\r\nEl tejido mucoso es un tipo de tejido conectivo transitorio que se presenta debajo la piel del feto y en el cordón umbilical como gelatina de Wharton. Posteriormente estos se diferenciarán como tejido conectivo.\r\n\r\nLas células que presenta son fibroblastos de morfología estrellada, macrófagos y algunos linfocitos inmersos en sustancia fundamental abundante, blanda y gelatinosa.','\r',char(13)),'\n',char(10)),53);
INSERT INTO ficha VALUES(28,replace(replace('Tejido adiposo blanco. H.E.\r\nLlamado también grasa unilocular o monolocular ya que en todo su citoplasma, estas células contienen una solo gotita de lípido. Como se observa en la foto estas células se encuentran juntas separadas por tabiques fibrosos.\r\n\r\nEste tejido se puede desarrollar en casi cualquier lugar del cuerpo onde abunde el tejido areolar como tejidos subcutáneos, mesenterio, epiplón, médula ósea y alrededor de los riñones.\r\n\r\nLas principales características que lo diferencian de la grasa parda, vistos al microscopio son:\r\n\r\n- Sus células son más grandes que la grasa parda y pueden llegar a medir diámetros superiores a los 100 µm.\r\n- Tienen una sola gota de lípido. En todo su citoplasma.','\r',char(13)),'\n',char(10)),54);
INSERT INTO ficha VALUES(29,replace(replace('Tejido adiposo pardo. H.E.\r\nLlamado también grasa multilocular ya que en su citoplasma, estas células contienen varias gotitas de lípidos. Este tipo de tejido conectivo se característica por estar lobulado, similar a una glándula.\r\n\r\nEste tejido se está mejor desarrollado en el feto y recién nacidos repartiéndose entre las escápulas, las axilas, región de la nuca y a lo largo de los vasos sanguíneos. Esta grasa se diferenciará posteriormente en grasa blanca en el adulto, conservándose vestigios en el cuello, riñones y regiones que rodena la aorta abdominal.\r\n\r\nLas principales características que lo diferencian de la grasa blanda, vistos al microscopio son:\r\n\r\n- Sus células son más pequeñas que la grasa blanca.\r\n- Tienen varias gotas de lípidos intracitoplasmáticos.','\r',char(13)),'\n',char(10)),55);
INSERT INTO ficha VALUES(30,replace(replace('Cartilago hialino. Traquea. H.E.\r\nEl cartílago hialino este constituido por fibras de colágeno tipo La mayor parte de su superficie esta conformada por una matriz avascular donde están inmersas una población celular conocidas como los condrocitos. Estas células son las encargadas de la producción de la matriz y los espacios que ocupan estas dentro de la matriz se conocen como lagunas condrocitarias. Se puede observar en una sola laguna algunos condrocitos pequeños jóvenes, usualmente en parejas, los cuales se originan a partir de divisiones mitóticas de un condorcito, a esta particularidad se la conoce con el nombre de grupos isogenos.\r\n\r\nPor fuera de la matriz se localiza el pericondrio, que es una capa resistente de tejido conectivo denso que envuelve al cartílago, en su composición presentan fibras de colágena tipo I y fibras elástica. En el pericondrio se reconocen dos estructuras: una capa fibrosa externa donde se localizan abundantes fibras de las ya mencionada y una capa condrogénica donde podemos encontrar a los condroblastos cuya función es la de dar origen a los condrocitos a lo largo de la matriz. \r\n\r\n\r\nAlgunos lugares donde se puede localizar este tipo de cartílago son:\r\n- Cartílagos nasales.\r\n- Paredes de vías respiratorias como la laringe, la tráquea y los bronquios.\r\n- Recubren la superficie articular de la mayor parte de las articulaciones del cuerpo.\r\n- Cartílagos costales.\r\n\r\nSu función es evitar la taco& entre las superficies articulares, participa en el crecimiento longitudinal de los huesos largos y brinda un esqueleto rígido a nivel de las vías aéreas.','\r',char(13)),'\n',char(10)),56);
INSERT INTO ficha VALUES(31,replace(replace('Cartílago elástico. Oreja. H.E.\r\nEl cartílago elástico es semejante al cartílago hialino pero su superficie es más opaca. Algunas de sus características son:\r\n\r\n- Presenta una matriz avascular donde se encuentran dispersas abundantes fibras elásticas entre las cuales se pueden encontrar los condrocitos. Estas células son las encargadas de la producción de la matriz. El espacio que ocupan estas dentro de la matriz se conoce como lagunas. Pueden observarse en una sola laguna algunos condrocitos pequeños jóvenes, usualmente en parejas, los cuales se originan a partir de divisiones mitóticas de un condorcito, a esta particularidad se le conoce con el nombre de grupos isógenos.\r\n- Por fuera de la matriz se localiza el pericondrio.\r\n\r\nEstas fibras de tipo elástico otorgan a este tipo de cartílago propiedades de elasticidad y flexibilidad.\r\n\r\nAlgunos lugares donde podemos encontrar al cartílago elástico son:\r\n\r\n- Pabellón auricular.\r\n- Trompa de Eustaquio.\r\n- La epiglotis.\r\n- Cartílagos corniculado y cuneiforme de la laringe.\r\n- Paredes del conducto auditivo externo.','\r',char(13)),'\n',char(10)),57);
INSERT INTO ficha VALUES(32,replace(replace('Cartílago elástico. Oreja. T. Orceína.\r\nPor acción de esta tinción se puede apreciar de manera más clara las fibras elásticas que se hallan dispersas en la matriz, las cuales comparten su lugar con los condrocitos en sus lagunas como también los grupos isógenos.','\r',char(13)),'\n',char(10)),58);
INSERT INTO ficha VALUES(33,replace(replace('Fibrocartílago. Disco intervertebral. H.E.\r\nLos discos intervertebrales se localizan entre las vértebras a fin de evitar la fricción entre sus superficies articulares. Histológicamente se presen-tan como una combinación entre tejido conectivo denso y cartílago hialino. Este tejido tiene una apariencia fibrosa otorgada por las fibras de colágeno tipo I las cuales son sintetizadas por los fibrocitos. Por otro lado la segunda población celular, los condrocitos, se disponen en hileras dispuestas en una matriz hialina. Una característica importante de este cartílago es que carece de pericondrio.\r\n\r\nLugares donde se localiza este cartílago son:\r\n- Discos intervertebrales.\r\n- Algunas superficies articulares como ser la rodilla a nivel de los meniscos, la articulación temporom axilar, articulación esternoclavicular, articulación glenohumeral y la sínfisis del pubis.\r\n- Lugares de inserción de ligamentos y tendones. Su función es la de brindar cierto grado de elasticidad y un apoyo firme ayudando a absorber ciertos impactos físicos repentinos.','\r',char(13)),'\n',char(10)),59);
INSERT INTO ficha VALUES(34,replace(replace('Fibrocartílago. Menisco. H.E.\r\nEn el menisco encontramos una estructura particular: el núcleo pulposo, que está localizado en el centro del disco intervertebral, este se asemeja al cartílago hialino en degeneración. Está constituido por tejido conectivo laxo donde se encuentran a las células fisalíferas.','\r',char(13)),'\n',char(10)),60);
DELETE FROM sqlite_sequence;
INSERT INTO sqlite_sequence VALUES('django_migrations',22);
INSERT INTO sqlite_sequence VALUES('django_admin_log',39);
INSERT INTO sqlite_sequence VALUES('django_content_type',9);
INSERT INTO sqlite_sequence VALUES('auth_permission',36);
INSERT INTO sqlite_sequence VALUES('auth_group',0);
INSERT INTO sqlite_sequence VALUES('auth_user',1);
INSERT INTO sqlite_sequence VALUES('elemento',220);
INSERT INTO sqlite_sequence VALUES('ficha',34);
CREATE UNIQUE INDEX "auth_group_permissions_group_id_permission_id_0cd325b0_uniq" ON "auth_group_permissions" ("group_id", "permission_id");
CREATE INDEX "auth_group_permissions_group_id_b120cbf9" ON "auth_group_permissions" ("group_id");
CREATE INDEX "auth_group_permissions_permission_id_84c5c92e" ON "auth_group_permissions" ("permission_id");
CREATE UNIQUE INDEX "auth_user_groups_user_id_group_id_94350c0c_uniq" ON "auth_user_groups" ("user_id", "group_id");
CREATE INDEX "auth_user_groups_user_id_6a12ed8b" ON "auth_user_groups" ("user_id");
CREATE INDEX "auth_user_groups_group_id_97559544" ON "auth_user_groups" ("group_id");
CREATE UNIQUE INDEX "auth_user_user_permissions_user_id_permission_id_14a6b632_uniq" ON "auth_user_user_permissions" ("user_id", "permission_id");
CREATE INDEX "auth_user_user_permissions_user_id_a95ead1b" ON "auth_user_user_permissions" ("user_id");
CREATE INDEX "auth_user_user_permissions_permission_id_1fbb5f2c" ON "auth_user_user_permissions" ("permission_id");
CREATE INDEX "django_admin_log_content_type_id_c4bce8eb" ON "django_admin_log" ("content_type_id");
CREATE INDEX "django_admin_log_user_id_c564eba6" ON "django_admin_log" ("user_id");
CREATE UNIQUE INDEX "django_content_type_app_label_model_76bd3d3b_uniq" ON "django_content_type" ("app_label", "model");
CREATE UNIQUE INDEX "auth_permission_content_type_id_codename_01ab375a_uniq" ON "auth_permission" ("content_type_id", "codename");
CREATE INDEX "auth_permission_content_type_id_2f476e4b" ON "auth_permission" ("content_type_id");
CREATE INDEX "fotografia_id_ficha_e5f03b6e" ON "fotografia" ("id_ficha");
CREATE INDEX "elemento_ele_id_elemento_262e5548" ON "elemento" ("ele_id_elemento");
CREATE INDEX "django_session_expire_date_a5c62663" ON "django_session" ("expire_date");
CREATE INDEX "ficha_id_elemento_0a372fa0" ON "ficha" ("id_elemento");
COMMIT;
