PRAGMA foreign_keys=OFF;
BEGIN TRANSACTION;
CREATE TABLE IF NOT EXISTS "django_migrations" ("id" integer NOT NULL PRIMARY KEY AUTOINCREMENT, "app" varchar(255) NOT NULL, "name" varchar(255) NOT NULL, "applied" datetime NOT NULL);
INSERT INTO django_migrations VALUES(1,'contenttypes','0001_initial','2022-08-15 17:52:51.463519');
INSERT INTO django_migrations VALUES(2,'auth','0001_initial','2022-08-15 17:52:51.495375');
INSERT INTO django_migrations VALUES(3,'admin','0001_initial','2022-08-15 17:52:51.515672');
INSERT INTO django_migrations VALUES(4,'admin','0002_logentry_remove_auto_add','2022-08-15 17:52:51.530882');
INSERT INTO django_migrations VALUES(5,'admin','0003_logentry_add_action_flag_choices','2022-08-15 17:52:51.545789');
INSERT INTO django_migrations VALUES(6,'contenttypes','0002_remove_content_type_name','2022-08-15 17:52:51.566734');
INSERT INTO django_migrations VALUES(7,'auth','0002_alter_permission_name_max_length','2022-08-15 17:52:51.581851');
INSERT INTO django_migrations VALUES(8,'auth','0003_alter_user_email_max_length','2022-08-15 17:52:51.596894');
INSERT INTO django_migrations VALUES(9,'auth','0004_alter_user_username_opts','2022-08-15 17:52:51.609585');
INSERT INTO django_migrations VALUES(10,'auth','0005_alter_user_last_login_null','2022-08-15 17:52:51.623889');
INSERT INTO django_migrations VALUES(11,'auth','0006_require_contenttypes_0002','2022-08-15 17:52:51.631470');
INSERT INTO django_migrations VALUES(12,'auth','0007_alter_validators_add_error_messages','2022-08-15 17:52:51.642459');
INSERT INTO django_migrations VALUES(13,'auth','0008_alter_user_username_max_length','2022-08-15 17:52:51.656633');
INSERT INTO django_migrations VALUES(14,'auth','0009_alter_user_last_name_max_length','2022-08-15 17:52:51.672326');
INSERT INTO django_migrations VALUES(15,'auth','0010_alter_group_name_max_length','2022-08-15 17:52:51.688094');
INSERT INTO django_migrations VALUES(16,'auth','0011_update_proxy_permissions','2022-08-15 17:52:51.700332');
INSERT INTO django_migrations VALUES(17,'auth','0012_alter_user_first_name_max_length','2022-08-15 17:52:51.714074');
INSERT INTO django_migrations VALUES(18,'frontend','0001_initial','2022-08-15 17:52:51.737729');
INSERT INTO django_migrations VALUES(19,'frontend','0002_remove_subelemento_id_elemento_delete_authgroup_and_more','2022-08-15 17:52:51.760125');
INSERT INTO django_migrations VALUES(20,'sessions','0001_initial','2022-08-15 17:52:51.775701');
INSERT INTO django_migrations VALUES(21,'frontend','0003_alter_ficha_contenido','2022-08-16 13:04:49.544723');
INSERT INTO django_migrations VALUES(22,'frontend','0004_remove_ficha_numero_remove_ficha_titulo','2022-08-16 13:13:16.003009');
CREATE TABLE IF NOT EXISTS "auth_group_permissions" ("id" integer NOT NULL PRIMARY KEY AUTOINCREMENT, "group_id" integer NOT NULL REFERENCES "auth_group" ("id") DEFERRABLE INITIALLY DEFERRED, "permission_id" integer NOT NULL REFERENCES "auth_permission" ("id") DEFERRABLE INITIALLY DEFERRED);
CREATE TABLE IF NOT EXISTS "auth_user_groups" ("id" integer NOT NULL PRIMARY KEY AUTOINCREMENT, "user_id" integer NOT NULL REFERENCES "auth_user" ("id") DEFERRABLE INITIALLY DEFERRED, "group_id" integer NOT NULL REFERENCES "auth_group" ("id") DEFERRABLE INITIALLY DEFERRED);
CREATE TABLE IF NOT EXISTS "auth_user_user_permissions" ("id" integer NOT NULL PRIMARY KEY AUTOINCREMENT, "user_id" integer NOT NULL REFERENCES "auth_user" ("id") DEFERRABLE INITIALLY DEFERRED, "permission_id" integer NOT NULL REFERENCES "auth_permission" ("id") DEFERRABLE INITIALLY DEFERRED);
CREATE TABLE IF NOT EXISTS "django_admin_log" ("id" integer NOT NULL PRIMARY KEY AUTOINCREMENT, "action_time" datetime NOT NULL, "object_id" text NULL, "object_repr" varchar(200) NOT NULL, "change_message" text NOT NULL, "content_type_id" integer NULL REFERENCES "django_content_type" ("id") DEFERRABLE INITIALLY DEFERRED, "user_id" integer NOT NULL REFERENCES "auth_user" ("id") DEFERRABLE INITIALLY DEFERRED, "action_flag" smallint unsigned NOT NULL CHECK ("action_flag" >= 0));
INSERT INTO django_admin_log VALUES(1,'2022-08-16 13:35:52.396260','1','Ficha object (1)','[{"changed": {"fields": ["Contenido"]}}]',8,1,2);
INSERT INTO django_admin_log VALUES(2,'2022-08-16 13:42:11.272030','2','Ficha object (2)','[{"added": {}}]',8,1,1);
INSERT INTO django_admin_log VALUES(3,'2022-08-16 13:53:17.719614','1',replace(replace('Prólogo\r\n\r\nEn pocas oportunidades se tienen satisfacciones como la que ahora se me presenta para resaltar un precioso material interactivo la del aprendizaje de la histología, elaborado por el Dr. Mar','\r',char(13)),'\n',char(10)),'[{"changed": {"fields": ["Contenido"]}}]',8,1,2);
INSERT INTO django_admin_log VALUES(4,'2022-08-16 13:56:11.959083','2',replace('Epitelio plano simple. Endocardio. H-E.\r','\r',char(13)),'[{"changed": {"fields": ["Contenido"]}}]',8,1,2);
INSERT INTO django_admin_log VALUES(5,'2022-08-16 14:03:20.861512','3',replace('Epitelio cúbico simple. Túbulos renales. PAS.\r','\r',char(13)),'[{"added": {}}]',8,1,1);
INSERT INTO django_admin_log VALUES(6,'2022-08-16 14:05:19.618413','4',replace('Epitelio cilíndrico simple. Estómago. T. Mallory.\r','\r',char(13)),'[{"added": {}}]',8,1,1);
INSERT INTO django_admin_log VALUES(7,'2022-08-16 14:08:02.299906','5',replace('Epitelio cilíndrico simple con esterocilios. T. Hematoxilina Férrica.\r','\r',char(13)),'[{"added": {}}]',8,1,1);
INSERT INTO django_admin_log VALUES(8,'2022-08-16 14:13:31.656367','6',replace('32 - Epitelio cilíndrico simple con microvellosidades - Epitelio cilíndrico simple con microvellosidades. Intestino delgado. T. Mallory.\r','\r',char(13)),'[{"added": {}}]',8,1,1);
INSERT INTO django_admin_log VALUES(9,'2022-08-16 14:14:32.322167','1',replace('1 - Prologo - Prólogo\r','\r',char(13)),'[]',8,1,2);
INSERT INTO django_admin_log VALUES(10,'2022-08-16 14:31:17.599065','1','1 - Prólogo','[{"changed": {"fields": ["Nombre"]}}]',7,1,2);
INSERT INTO django_admin_log VALUES(11,'2022-08-16 14:33:08.544797','7',replace('33 - Epitelio plano estratificado no queratinizado - Epitelio plano estratificado no queratinizado. Vagina. T. van Gieson.\r','\r',char(13)),'[{"added": {}}]',8,1,1);
INSERT INTO django_admin_log VALUES(12,'2022-08-16 14:35:21.021377','8',replace('34 - Epitelio plano estratificado queratinizado - Epitelio plano estratificado queratinizado. Epidermis. H.E.\r','\r',char(13)),'[{"added": {}}]',8,1,1);
INSERT INTO django_admin_log VALUES(13,'2022-08-16 14:37:42.287204','9',replace('35 - Epitelio cilíndrico pseudoestratificado con esterocilios - Epitelio cilíndrico pseudoestratificado con esterocilios. Epidídimo. T. Mallory.\r','\r',char(13)),'[{"added": {}}]',8,1,1);
INSERT INTO django_admin_log VALUES(14,'2022-08-16 14:49:59.383063','10',replace('36 - Epitelio cilíndrico pseudoestratificado con cilios - Epitelio cilíndrico pseudoestratificado con cilios. H.E.\r','\r',char(13)),'[{"added": {}}]',8,1,1);
INSERT INTO django_admin_log VALUES(15,'2022-08-16 14:51:44.739379','11',replace('37 - Epitelio de transición - Epitelio de transición. Vejiga. T. Mallory.\r','\r',char(13)),'[{"added": {}}]',8,1,1);
INSERT INTO django_admin_log VALUES(16,'2022-08-16 14:53:16.635479','12',replace('38 - Células caliciformes - Células caliciformes. Intestino delgado. T. Mallory.\r','\r',char(13)),'[{"added": {}}]',8,1,1);
INSERT INTO django_admin_log VALUES(17,'2022-08-16 15:18:18.310724','13',replace('39 - Glándulas tubulares simples - Glándulas tubulares simples. Endometrio proliferativo. H.E.\r','\r',char(13)),'[{"added": {}}]',8,1,1);
INSERT INTO django_admin_log VALUES(18,'2022-08-16 15:20:06.094314','14',replace('40 - Glándula acinar compuesta - Glándula acinar compuesta. Páncreas. H.E.\r','\r',char(13)),'[{"added": {}}]',8,1,1);
INSERT INTO django_admin_log VALUES(19,'2022-08-16 15:21:49.565611','15',replace('41 - Glándulas sudoriparas - Glándulas sudoríparas. Piel cabelluda. H.E.\r','\r',char(13)),'[{"added": {}}]',8,1,1);
INSERT INTO django_admin_log VALUES(20,'2022-08-16 15:23:35.957697','16',replace('42 - Glándulas sebáceas - Glándulas sebáceas. Piel cabelluda. H.E.\r','\r',char(13)),'[{"added": {}}]',8,1,1);
INSERT INTO django_admin_log VALUES(21,'2022-08-16 15:24:36.685591','17',replace('43 - Ácinos serosos - Ácinos serosos. Glándula parótida. H.E.\r','\r',char(13)),'[{"added": {}}]',8,1,1);
INSERT INTO django_admin_log VALUES(22,'2022-08-16 15:28:55.630006','18',replace('44 - Glándulas mixtas - Glándulas mixtas. Glándula submaxilar. H.E.\r','\r',char(13)),'[{"added": {}}]',8,1,1);
INSERT INTO django_admin_log VALUES(23,'2022-08-16 15:32:32.552976','19',replace('45 - Glándulas alveolares - Glándulas alveolares. Próstata. H.E.\r','\r',char(13)),'[{"added": {}}]',8,1,1);
INSERT INTO django_admin_log VALUES(24,'2022-08-16 15:37:46.008961','20',replace('46 - Fibras de colágeno densas y laxas - Fibras de colágeno densas y laxas. Dermis. H.E.\r','\r',char(13)),'[{"added": {}}]',8,1,1);
INSERT INTO django_admin_log VALUES(25,'2022-08-16 15:40:12.791462','21',replace('47 - Tejido conectivo denso regular - Tejido conectivo denso regular. Tendón. H.E.\r','\r',char(13)),'[{"added": {}}]',8,1,1);
INSERT INTO django_admin_log VALUES(26,'2022-08-16 15:46:31.007864','22',replace('48 - Tejido reticular - Tejido reticular. Ganglio linfático. Carbonato de plata.\r','\r',char(13)),'[{"added": {}}]',8,1,1);
INSERT INTO django_admin_log VALUES(27,'2022-08-16 15:54:08.950608','23',replace('49 - Tejido conectivo elástico - Tejido conectivo elástico. Arteria elástica. T. Orceína.\r','\r',char(13)),'[{"added": {}}]',8,1,1);
INSERT INTO django_admin_log VALUES(28,'2022-08-16 15:55:45.046579','24',replace('50 - Plasmocitos - Plasmocitos. H.E.\r','\r',char(13)),'[{"added": {}}]',8,1,1);
INSERT INTO django_admin_log VALUES(29,'2022-08-16 15:57:15.237815','25',replace('51 - Histiocitos - Histiocitos. Vesícula biliar. H.E.\r','\r',char(13)),'[{"added": {}}]',8,1,1);
INSERT INTO django_admin_log VALUES(30,'2022-08-16 15:58:30.750305','26',replace('52 - Mesénquima - Mesénquima. H.E.\r','\r',char(13)),'[{"added": {}}]',8,1,1);
INSERT INTO django_admin_log VALUES(31,'2022-08-16 15:59:46.110386','27',replace('53 - Tejido mucoso - Tejido mucoso. Cordón umbilical. H.E.\r','\r',char(13)),'[{"added": {}}]',8,1,1);
INSERT INTO django_admin_log VALUES(32,'2022-08-16 16:10:21.931839','28',replace('54 - Tejido adiposo blanco - Tejido adiposo blanco. H.E.\r','\r',char(13)),'[{"added": {}}]',8,1,1);
INSERT INTO django_admin_log VALUES(33,'2022-08-16 16:15:44.253747','29',replace('55 - Tejido adiposo pardo - Tejido adiposo pardo. H.E.\r','\r',char(13)),'[{"added": {}}]',8,1,1);
INSERT INTO django_admin_log VALUES(34,'2022-08-16 16:22:39.717392','30',replace('56 - Cartílago hialino - Cartilago hialino. Traquea. H.E.\r','\r',char(13)),'[{"added": {}}]',8,1,1);
INSERT INTO django_admin_log VALUES(35,'2022-08-16 17:18:01.341446','31',replace('57 - Cartílago elástico - Cartílago elástico. Oreja. H.E.\r','\r',char(13)),'[{"added": {}}]',8,1,1);
INSERT INTO django_admin_log VALUES(36,'2022-08-16 17:19:10.766532','32','58 - Cartílago elástico. Orceína - Cartílago elástico. Oreja. T. Orceína. Por acción de esta tinción se puede apreciar de manera más clara las fibras elásticas que se hallan dispersas en la matriz, la','[{"added": {}}]',8,1,1);
INSERT INTO django_admin_log VALUES(37,'2022-08-16 17:19:22.526300','32',replace('58 - Cartílago elástico. Orceína - Cartílago elástico. Oreja. T. Orceína.\r','\r',char(13)),'[{"changed": {"fields": ["Contenido"]}}]',8,1,2);
INSERT INTO django_admin_log VALUES(38,'2022-08-16 17:21:26.790184','33',replace('59 - Fibrocartílago. Disco Intervertebral - Fibrocartílago. Disco intervertebral. H.E.\r','\r',char(13)),'[{"added": {}}]',8,1,1);
INSERT INTO django_admin_log VALUES(39,'2022-08-16 17:22:26.485829','34',replace('60 - Fibrocartílago. Menisco - Fibrocartílago. Menisco. H.E.\r','\r',char(13)),'[{"added": {}}]',8,1,1);
INSERT INTO django_admin_log VALUES(40,'2022-08-16 17:30:05.509068','35',replace('61 - Hueso desgastado. Corte transversal - Hueso desgastado (corte transversal).\r','\r',char(13)),'[{"added": {}}]',8,1,1);
INSERT INTO django_admin_log VALUES(41,'2022-08-16 17:30:19.963522','35',replace('61 - Hueso desgastado. Corte transversal - Hueso desgastado (corte transversal). Sin tinción.\r','\r',char(13)),'[{"changed": {"fields": ["Contenido"]}}]',8,1,2);
INSERT INTO django_admin_log VALUES(42,'2022-08-16 17:31:21.579911','36',replace('62 - Hueso desgastado. Corte longitudinal - Hueso desgastado (corte longitudinal). T. Violeta de Daliah.\r','\r',char(13)),'[{"added": {}}]',8,1,1);
INSERT INTO django_admin_log VALUES(43,'2022-08-16 17:33:49.859629','37','63 - Hueso compacto descalcificado - Hueso compacto descalcificado (corte transversal). T. Azul de metilo. Esta preparación de hueso descalcificado, llamado también desmineralizado, es otra técnica al','[{"added": {}}]',8,1,1);
INSERT INTO django_admin_log VALUES(44,'2022-08-16 17:34:03.316636','37',replace('63 - Hueso compacto descalcificado - Hueso compacto descalcificado (corte transversal). T. Azul de metilo.\r','\r',char(13)),'[{"changed": {"fields": ["Contenido"]}}]',8,1,2);
INSERT INTO django_admin_log VALUES(45,'2022-08-16 17:35:27.642599','38',replace('64 - Hueso compacto trabecular - Hueso compacto trabecular. H.E.\r','\r',char(13)),'[{"added": {}}]',8,1,1);
INSERT INTO django_admin_log VALUES(46,'2022-08-16 17:36:48.564265','39',replace('65 - Osteoclástos - Osteoclastos. H.E.\r','\r',char(13)),'[{"added": {}}]',8,1,1);
INSERT INTO django_admin_log VALUES(47,'2022-08-16 17:39:07.569206','40',replace('66 - Osificación en base membranosa. Mascarilla fetal - Osificación en base membranosa. Mascarilla fetal. H.E.\r','\r',char(13)),'[{"added": {}}]',8,1,1);
INSERT INTO django_admin_log VALUES(48,'2022-08-16 17:42:49.946318','41',replace('67 - Osificación endocondral. Mano fetal - Osificación endocondral. Mano fetal. H.E.\r','\r',char(13)),'[{"added": {}}]',8,1,1);
INSERT INTO django_admin_log VALUES(49,'2022-08-16 17:45:31.497041','42',replace('68 - Articulación de codo - Articulación de codo. H.E.\r','\r',char(13)),'[{"added": {}}]',8,1,1);
INSERT INTO django_admin_log VALUES(50,'2022-08-16 17:48:14.841226','43',replace('69 - Músculo estriado esquelético. Corte longitudinal - Músculo estriado esquelético - corte longitudinal. H.E.\r','\r',char(13)),'[{"added": {}}]',8,1,1);
INSERT INTO django_admin_log VALUES(51,'2022-08-16 17:50:02.527680','44',replace('70 - Músculo estriado esquelético. Corte transversal - Músculo estriado esquelético - corte transversal. H.E.\r','\r',char(13)),'[{"added": {}}]',8,1,1);
INSERT INTO django_admin_log VALUES(52,'2022-08-16 17:51:53.831667','45',replace('71 - Músculo estriado esquelético. Hematoxilina férrica - Músculo estriado esquelético - corte longitudinal. T. Hematoxilina férrica.\r','\r',char(13)),'[{"added": {}}]',8,1,1);
INSERT INTO django_admin_log VALUES(53,'2022-08-16 17:53:47.845103','46',replace('72 - Músculo estriado esquelético. Hematoxilina fosfotúngstica - Músculo estriado esquelético - corte longitudinal. T. Hematoxilina fosfotúngstica.\r','\r',char(13)),'[{"added": {}}]',8,1,1);
INSERT INTO django_admin_log VALUES(54,'2022-08-16 18:09:28.754956','47',replace('73 - Músculo cardiaco. Corte longitudinal - Músculo cardiaco - corte longitudinal. H.E.\r','\r',char(13)),'[{"added": {}}]',8,1,1);
INSERT INTO django_admin_log VALUES(55,'2022-08-16 18:10:48.156508','48',replace('74 - Músculo cardiaco. Corte transversal - Músculo cardiaco - corte transversal. H.E.\r','\r',char(13)),'[{"added": {}}]',8,1,1);
INSERT INTO django_admin_log VALUES(56,'2022-08-16 18:24:17.352328','49',replace('75 - Músculo cardiaco. Hematoxilina fosfotúngstica - Músculo cardiaco - corte transversal. T. Hematoxilina fosfotúngstica.\r','\r',char(13)),'[{"added": {}}]',8,1,1);
INSERT INTO django_admin_log VALUES(57,'2022-08-16 18:33:05.661193','50',replace('76 - Músculo liso. Intestino delgado - Músculo liso - Intestino delgado. H.E.\r','\r',char(13)),'[{"added": {}}]',8,1,1);
INSERT INTO django_admin_log VALUES(58,'2022-08-16 18:34:44.174601','51',replace('77 - Músculo liso. Miometrio - Músculo liso — Miometrio H.E.\r','\r',char(13)),'[{"added": {}}]',8,1,1);
INSERT INTO django_admin_log VALUES(59,'2022-08-16 18:35:04.047154','50',replace('76 - Músculo liso. Intestino delgado - Músculo liso - Intestino delgado. H.E.\r','\r',char(13)),'[{"changed": {"fields": ["Contenido"]}}]',8,1,2);
INSERT INTO django_admin_log VALUES(60,'2022-08-16 18:37:18.005798','52',replace('78 - Cerebro - Cerebro H.E.\r','\r',char(13)),'[{"added": {}}]',8,1,1);
INSERT INTO django_admin_log VALUES(61,'2022-08-16 18:39:10.838450','53',replace('79 - Cerebelo - Cerebelo H.E.\r','\r',char(13)),'[{"added": {}}]',8,1,1);
INSERT INTO django_admin_log VALUES(62,'2022-08-16 18:49:14.198106','54',replace('80 - Cerebelo. Células de Purkinje - Cerebelo - Células de Purkinge.\r','\r',char(13)),'[{"added": {}}]',8,1,1);
INSERT INTO django_admin_log VALUES(63,'2022-08-16 19:16:23.727962','55',replace('81 - Médula espinal - Medula espinal H.E.\r','\r',char(13)),'[{"added": {}}]',8,1,1);
INSERT INTO django_admin_log VALUES(64,'2022-08-16 19:17:37.918989','56',replace('82 - Médula espinal. Conducto ependimario - Médula espinal - Conducto ependimario. H.E.\r','\r',char(13)),'[{"added": {}}]',8,1,1);
INSERT INTO django_admin_log VALUES(65,'2022-08-16 19:19:07.190019','57',replace('83 - Meninges - Meninges H.E.\r','\r',char(13)),'[{"added": {}}]',8,1,1);
INSERT INTO django_admin_log VALUES(66,'2022-08-16 19:20:12.180582','58',replace('84 - Ganglio raquídeo - Ganglio raquídeo H.E.\r','\r',char(13)),'[{"added": {}}]',8,1,1);
INSERT INTO django_admin_log VALUES(67,'2022-08-16 19:21:28.629448','59',replace('85 - Ganglio raquídeo. Nitrato uranio de Cajal - Ganglio raquídeo T. Nitrato uranio de Cajal.\r','\r',char(13)),'[{"added": {}}]',8,1,1);
INSERT INTO django_admin_log VALUES(68,'2022-08-16 19:23:09.334290','60',replace('86 - Nervio periférico. Corte transversal - Nervio periférico — corte transversal. H.E.\r','\r',char(13)),'[{"added": {}}]',8,1,1);
INSERT INTO django_admin_log VALUES(69,'2022-08-16 19:34:13.005596','61',replace('87 - Nervio periférico. Corte longitudinal - Nervio periférico - corte longitudinal. H.E.\r','\r',char(13)),'[{"added": {}}]',8,1,1);
INSERT INTO django_admin_log VALUES(70,'2022-08-16 19:36:04.643709','62',replace('88 - Nervio periférico. Células de Schwann - Nervio periférico - células de Schwann. H.E.\r','\r',char(13)),'[{"added": {}}]',8,1,1);
INSERT INTO django_admin_log VALUES(71,'2022-08-16 19:38:13.523433','63',replace('89 - Neuroglia. Astrocitos fibrosos - Neuroglia T. Golgi\r','\r',char(13)),'[{"added": {}}]',8,1,1);
INSERT INTO django_admin_log VALUES(72,'2022-08-16 19:39:27.475531','64',replace('90 - Neuroglia. Astrocito protoplasmático - Neuroglia T. Golgi.\r','\r',char(13)),'[{"added": {}}]',8,1,1);
INSERT INTO django_admin_log VALUES(73,'2022-08-16 19:40:26.008430','65',replace('91 - Plexo mientérico de Auerbach - Plexo mientérico de Auerbach - células parasimpáticas. H.E.\r','\r',char(13)),'[{"added": {}}]',8,1,1);
INSERT INTO django_admin_log VALUES(74,'2022-08-17 12:57:23.908887','66',replace('92 - Frotis de sangre humana. Neutrófilos - Frotis de sangre humana. Neutrófilos. T. Wright.\r','\r',char(13)),'[{"added": {}}]',8,1,1);
INSERT INTO django_admin_log VALUES(75,'2022-08-17 12:58:48.130881','67',replace('93 - Frotis de sangre humana. Eosinófilo - Frotis de sangre humana. Eosinófilo. T. Wright.\r','\r',char(13)),'[{"added": {}}]',8,1,1);
INSERT INTO django_admin_log VALUES(76,'2022-08-17 13:00:56.995131','68',replace('94 - Frotis de sangre humana. Basófilo, eosinófilo - Frotis de sangre humana. Basófilo, eosinófilo T. Wright.\r','\r',char(13)),'[{"added": {}}]',8,1,1);
INSERT INTO django_admin_log VALUES(77,'2022-08-17 13:02:12.992950','69','95 - Frotis de sangre humana. Monocito - ***SIN CONTENIDO EN PROGRAMA ORIGINAL***','[{"added": {}}]',8,1,1);
INSERT INTO django_admin_log VALUES(78,'2022-08-17 13:04:39.618159','69',replace('95 - Frotis de sangre humana. Monocito - Frotis de sangre humana. Monocito. T. Wright.\r','\r',char(13)),'[{"changed": {"fields": ["Contenido"]}}]',8,1,2);
INSERT INTO django_admin_log VALUES(79,'2022-08-17 13:07:06.017764','70',replace('96 - Frotis de sangre humana. Linfocitos - Frotis de sangre humana. Linfocitos. T. Wright.\r','\r',char(13)),'[{"added": {}}]',8,1,1);
INSERT INTO django_admin_log VALUES(80,'2022-08-17 13:09:14.991856','71',replace('97 - Reticulocitos - Reticulocitos T. Azul nuevo de metileno.\r','\r',char(13)),'[{"added": {}}]',8,1,1);
INSERT INTO django_admin_log VALUES(81,'2022-08-17 13:10:50.222999','72',replace('99 - Hígado fetal. Hematopoyesis extramedular - Hígado fetal. Hematopoyesis extramedular. H.E.\r','\r',char(13)),'[{"added": {}}]',8,1,1);
INSERT INTO django_admin_log VALUES(82,'2022-08-17 13:13:20.785146','73',replace('100 - Sangre de Batracio - Sangre de batracio. T. Giemsa.\r','\r',char(13)),'[{"added": {}}]',8,1,1);
INSERT INTO django_admin_log VALUES(83,'2022-08-17 13:13:48.670858','74','98 - Frotis de médula ósea - ***SIN INFORMACION EN SISTEMA ORIGINAL***','[{"added": {}}]',8,1,1);
INSERT INTO django_admin_log VALUES(84,'2022-08-17 13:15:00.976084','75',replace('101 - Corazón - Corazón H.E.\r','\r',char(13)),'[{"added": {}}]',8,1,1);
INSERT INTO django_admin_log VALUES(85,'2022-08-17 13:16:13.545347','76',replace('102 - Pericardio. Miocardio - Pericardio, miocardio. T. Hematoxilina fosfotúngstica.\r','\r',char(13)),'[{"added": {}}]',8,1,1);
INSERT INTO django_admin_log VALUES(86,'2022-08-17 13:17:24.606766','77',replace('103 - Endocardio - Endocardio. H.E.\r','\r',char(13)),'[{"added": {}}]',8,1,1);
INSERT INTO django_admin_log VALUES(87,'2022-08-17 13:20:00.111255','78',replace('104 - Arteria elástica - Arteria elástica. T. Orceína.\r','\r',char(13)),'[{"added": {}}]',8,1,1);
INSERT INTO django_admin_log VALUES(88,'2022-08-17 13:21:30.518688','79',replace('105 - Aorta - Aorta. H.E.\r','\r',char(13)),'[{"added": {}}]',8,1,1);
INSERT INTO django_admin_log VALUES(89,'2022-08-17 13:38:40.583129','80',replace('106 - Arteria muscular - Arteria muscular. H.E.\r','\r',char(13)),'[{"added": {}}]',8,1,1);
INSERT INTO django_admin_log VALUES(90,'2022-08-17 13:40:12.138383','81',replace('107 - Arteria muscular. Orceína - Arteria muscular. T. Orceína.\r','\r',char(13)),'[{"added": {}}]',8,1,1);
INSERT INTO django_admin_log VALUES(91,'2022-08-17 13:43:16.019746','82',replace('108 - Vena - Vena. H.E.\r','\r',char(13)),'[{"added": {}}]',8,1,1);
INSERT INTO django_admin_log VALUES(92,'2022-08-17 13:44:26.601984','83',replace('109 - Capilares sinusoides en hígado - Capilares sinusoides en hígado. H.E.\r','\r',char(13)),'[{"added": {}}]',8,1,1);
INSERT INTO django_admin_log VALUES(93,'2022-08-17 13:46:23.042441','84',replace('110 - Hipófisis - Hipófisis H.E.\r','\r',char(13)),'[{"added": {}}]',8,1,1);
INSERT INTO django_admin_log VALUES(94,'2022-08-17 13:49:56.216681','85',replace('111 - Porción distal de hipófisis - Porción distal de hipófisis H.E.\r','\r',char(13)),'[{"added": {}}]',8,1,1);
INSERT INTO django_admin_log VALUES(95,'2022-08-17 13:51:24.390611','86',replace('112 - Pars Nerviosa - Pars Nerviosa H.E.\r','\r',char(13)),'[{"added": {}}]',8,1,1);
INSERT INTO django_admin_log VALUES(96,'2022-08-17 13:52:43.448048','87',replace('113 - Pars Intermedia - Pars Intermedia H.E.\r','\r',char(13)),'[{"added": {}}]',8,1,1);
INSERT INTO django_admin_log VALUES(97,'2022-08-17 13:56:04.773409','88',replace('114 - Tiroides - Tiroides. H.E.\r','\r',char(13)),'[{"added": {}}]',8,1,1);
INSERT INTO django_admin_log VALUES(98,'2022-08-17 13:57:30.734885','89',replace('115 - Tiroides. Van Gieson - Tiroides. van Gieson.\r','\r',char(13)),'[{"added": {}}]',8,1,1);
INSERT INTO django_admin_log VALUES(99,'2022-08-17 13:58:35.645275','90',replace('116 - Paratiroides - Paratiroides. H.E.\r','\r',char(13)),'[{"added": {}}]',8,1,1);
INSERT INTO django_admin_log VALUES(100,'2022-08-17 14:00:12.199384','91',replace('117 - Paratiroides. Gran aumento - Paratiroides. H.E.\r','\r',char(13)),'[{"added": {}}]',8,1,1);
INSERT INTO django_admin_log VALUES(101,'2022-08-17 14:01:36.814400','92',replace('118 - Glándula suprarrenal - Glándula suprarrenal H.E.\r','\r',char(13)),'[{"added": {}}]',8,1,1);
INSERT INTO django_admin_log VALUES(102,'2022-08-17 14:02:52.095007','93',replace('119 - Glándula suprarrenal. Van Gieson - Glándula suprarrenal. T. van Gieson.\r','\r',char(13)),'[{"added": {}}]',8,1,1);
INSERT INTO django_admin_log VALUES(103,'2022-08-17 14:05:22.701889','94',replace('120 - Corteza suprarrenal - Corteza suprarrenal. H.E.\r','\r',char(13)),'[{"added": {}}]',8,1,1);
INSERT INTO django_admin_log VALUES(104,'2022-08-17 14:06:52.532772','95',replace('121 - Glándula pineal - Glándula pineal. H.E.\r','\r',char(13)),'[{"added": {}}]',8,1,1);
INSERT INTO django_admin_log VALUES(105,'2022-08-17 14:08:19.660099','96',replace('122 - Glándula pineal. Mallory - Glándula pineal. T. Mallory.\r','\r',char(13)),'[{"added": {}}]',8,1,1);
INSERT INTO django_admin_log VALUES(106,'2022-08-17 14:11:33.124778','97',replace('123 - Ganglio linfático - Ganglio linfático. H.E.\r','\r',char(13)),'[{"added": {}}]',8,1,1);
INSERT INTO django_admin_log VALUES(107,'2022-08-17 14:13:19.429383','98',replace('124 - Timo - Timo. H.E.\r','\r',char(13)),'[{"added": {}}]',8,1,1);
INSERT INTO django_admin_log VALUES(108,'2022-08-17 14:15:04.402728','99',replace('125 - Timo. Gran aumento - Timo. H.E.\r','\r',char(13)),'[{"added": {}}]',8,1,1);
INSERT INTO django_admin_log VALUES(109,'2022-08-17 14:16:32.658134','100',replace('126 - Bazo - Bazo. H.E.\r','\r',char(13)),'[{"added": {}}]',8,1,1);
INSERT INTO django_admin_log VALUES(110,'2022-08-17 14:17:29.378096','101',replace('127 - Bazo. Van Gieson - Bazo. T. van Gieson.\r','\r',char(13)),'[{"added": {}}]',8,1,1);
INSERT INTO django_admin_log VALUES(111,'2022-08-17 14:23:58.618024','102',replace('128 - Amígdala palatina - Amígdala palatina. H.E.\r','\r',char(13)),'[{"added": {}}]',8,1,1);
INSERT INTO django_admin_log VALUES(112,'2022-08-17 14:25:25.466399','103',replace('129 - Amígdala faríngea - Amígdala faríngea. H.E.\r','\r',char(13)),'[{"added": {}}]',8,1,1);
INSERT INTO django_admin_log VALUES(113,'2022-08-17 14:26:48.184316','104',replace('130 - Apéndice cecal. Folículos linfoides - Apéndice cecal. H.E.\r','\r',char(13)),'[{"added": {}}]',8,1,1);
INSERT INTO django_admin_log VALUES(114,'2022-08-17 14:27:55.353062','105',replace('131 - Apéndice cecal. Van Gieson - Apéndice cecal. T. van Gieson.\r','\r',char(13)),'[{"added": {}}]',8,1,1);
INSERT INTO django_admin_log VALUES(115,'2022-08-17 14:30:23.471974','106',replace('132 - Piel delgada - Piel delgada. H.E.\r','\r',char(13)),'[{"added": {}}]',8,1,1);
INSERT INTO django_admin_log VALUES(116,'2022-08-17 14:32:20.528094','107',replace('133 - Piel delgada. Gran aumento - Piel delgada. H.E.\r','\r',char(13)),'[{"added": {}}]',8,1,1);
INSERT INTO django_admin_log VALUES(117,'2022-08-17 14:34:02.752201','108',replace('134 - Piel delgada. Mallory - Piel delgada. T. Mallory.\r','\r',char(13)),'[{"added": {}}]',8,1,1);
INSERT INTO django_admin_log VALUES(118,'2022-08-17 14:37:54.296069','109',replace('135 - Piel gruesa - Piel gruesa. H.E.\r','\r',char(13)),'[{"added": {}}]',8,1,1);
INSERT INTO django_admin_log VALUES(119,'2022-08-17 14:40:23.559171','110',replace('136 - Piel gruesa. Van Gieson - Piel gruesa. T. van Gieson.\r','\r',char(13)),'[{"added": {}}]',8,1,1);
INSERT INTO django_admin_log VALUES(120,'2022-08-17 14:42:30.926877','111',replace('137 - Piel gruesa. Melanocitos - Piel gruesa — melanocitos. T. Mallory.\r','\r',char(13)),'[{"added": {}}]',8,1,1);
INSERT INTO django_admin_log VALUES(121,'2022-08-17 14:43:38.502242','112',replace('138 - Piel cabelluda. Glándulas sebáceas - Piel cabelluda — Glándulas sebáceas. H.E.\r','\r',char(13)),'[{"added": {}}]',8,1,1);
INSERT INTO django_admin_log VALUES(122,'2022-08-17 14:45:06.893912','113',replace('139 - Piel cabelluda. Glándulas sudoríparas - Piel cabelluda — Glándulas sudoríparas. T. Mallory\r','\r',char(13)),'[{"added": {}}]',8,1,1);
INSERT INTO django_admin_log VALUES(123,'2022-08-17 14:47:23.531628','114',replace('140 - Folículo piloso - Folículo piloso. T. Mallory.\r','\r',char(13)),'[{"added": {}}]',8,1,1);
INSERT INTO django_admin_log VALUES(124,'2022-08-17 14:49:16.397255','115',replace('141 - Uña. Corte longitudinal. Eponiquio - Uña — corte longitudinal. H.E.\r','\r',char(13)),'[{"added": {}}]',8,1,1);
INSERT INTO django_admin_log VALUES(125,'2022-08-17 14:50:23.956003','116',replace('142 - Uña. Corte longitudinal. Hiponiquio - Uña — corte longitudinal. H.E.\r','\r',char(13)),'[{"added": {}}]',8,1,1);
INSERT INTO django_admin_log VALUES(126,'2022-08-17 14:51:17.642556','117',replace('143 - Uña. Corte transversal - Uña — corte transversal. H.E.\r','\r',char(13)),'[{"added": {}}]',8,1,1);
INSERT INTO django_admin_log VALUES(127,'2022-08-17 15:09:11.421587','118',replace('144 - Fosas nasales - Fosas nasales. H.E.\r','\r',char(13)),'[{"added": {}}]',8,1,1);
INSERT INTO django_admin_log VALUES(128,'2022-08-17 15:10:35.327660','119',replace('145 - Epiglotis - Epiglotis. H.E.\r','\r',char(13)),'[{"added": {}}]',8,1,1);
INSERT INTO django_admin_log VALUES(129,'2022-08-17 15:12:10.568665','120',replace('146 - Epiglotis. Mallory - Epiglotis. T. Mallory.\r','\r',char(13)),'[{"added": {}}]',8,1,1);
INSERT INTO django_admin_log VALUES(130,'2022-08-17 15:13:44.879749','121',replace('147 - Tráquea - Tráquea. H.E.\r','\r',char(13)),'[{"added": {}}]',8,1,1);
INSERT INTO django_admin_log VALUES(131,'2022-08-17 15:15:27.423618','122',replace('148 - Tráquea. Mallory - Tráquea. T. Mallory.\r','\r',char(13)),'[{"added": {}}]',8,1,1);
INSERT INTO django_admin_log VALUES(132,'2022-08-17 15:16:46.184276','123',replace('149 - Bronquio - Bronquio. H.E.\r','\r',char(13)),'[{"added": {}}]',8,1,1);
INSERT INTO django_admin_log VALUES(133,'2022-08-17 15:19:19.678934','124',replace('150 - Pulmón - Pulmón. H.E.\r','\r',char(13)),'[{"added": {}}]',8,1,1);
INSERT INTO django_admin_log VALUES(134,'2022-08-17 15:21:49.590812','125',replace('151 - Pulmón. Mallory - Pulmón. T. Mallory.\r','\r',char(13)),'[{"added": {}}]',8,1,1);
CREATE TABLE IF NOT EXISTS "django_content_type" ("id" integer NOT NULL PRIMARY KEY AUTOINCREMENT, "app_label" varchar(100) NOT NULL, "model" varchar(100) NOT NULL);
INSERT INTO django_content_type VALUES(1,'admin','logentry');
INSERT INTO django_content_type VALUES(2,'auth','permission');
INSERT INTO django_content_type VALUES(3,'auth','group');
INSERT INTO django_content_type VALUES(4,'auth','user');
INSERT INTO django_content_type VALUES(5,'contenttypes','contenttype');
INSERT INTO django_content_type VALUES(6,'sessions','session');
INSERT INTO django_content_type VALUES(7,'frontend','elemento');
INSERT INTO django_content_type VALUES(8,'frontend','ficha');
INSERT INTO django_content_type VALUES(9,'frontend','fotografia');
CREATE TABLE IF NOT EXISTS "auth_permission" ("id" integer NOT NULL PRIMARY KEY AUTOINCREMENT, "content_type_id" integer NOT NULL REFERENCES "django_content_type" ("id") DEFERRABLE INITIALLY DEFERRED, "codename" varchar(100) NOT NULL, "name" varchar(255) NOT NULL);
INSERT INTO auth_permission VALUES(1,1,'add_logentry','Can add log entry');
INSERT INTO auth_permission VALUES(2,1,'change_logentry','Can change log entry');
INSERT INTO auth_permission VALUES(3,1,'delete_logentry','Can delete log entry');
INSERT INTO auth_permission VALUES(4,1,'view_logentry','Can view log entry');
INSERT INTO auth_permission VALUES(5,2,'add_permission','Can add permission');
INSERT INTO auth_permission VALUES(6,2,'change_permission','Can change permission');
INSERT INTO auth_permission VALUES(7,2,'delete_permission','Can delete permission');
INSERT INTO auth_permission VALUES(8,2,'view_permission','Can view permission');
INSERT INTO auth_permission VALUES(9,3,'add_group','Can add group');
INSERT INTO auth_permission VALUES(10,3,'change_group','Can change group');
INSERT INTO auth_permission VALUES(11,3,'delete_group','Can delete group');
INSERT INTO auth_permission VALUES(12,3,'view_group','Can view group');
INSERT INTO auth_permission VALUES(13,4,'add_user','Can add user');
INSERT INTO auth_permission VALUES(14,4,'change_user','Can change user');
INSERT INTO auth_permission VALUES(15,4,'delete_user','Can delete user');
INSERT INTO auth_permission VALUES(16,4,'view_user','Can view user');
INSERT INTO auth_permission VALUES(17,5,'add_contenttype','Can add content type');
INSERT INTO auth_permission VALUES(18,5,'change_contenttype','Can change content type');
INSERT INTO auth_permission VALUES(19,5,'delete_contenttype','Can delete content type');
INSERT INTO auth_permission VALUES(20,5,'view_contenttype','Can view content type');
INSERT INTO auth_permission VALUES(21,6,'add_session','Can add session');
INSERT INTO auth_permission VALUES(22,6,'change_session','Can change session');
INSERT INTO auth_permission VALUES(23,6,'delete_session','Can delete session');
INSERT INTO auth_permission VALUES(24,6,'view_session','Can view session');
INSERT INTO auth_permission VALUES(25,7,'add_elemento','Can add elemento');
INSERT INTO auth_permission VALUES(26,7,'change_elemento','Can change elemento');
INSERT INTO auth_permission VALUES(27,7,'delete_elemento','Can delete elemento');
INSERT INTO auth_permission VALUES(28,7,'view_elemento','Can view elemento');
INSERT INTO auth_permission VALUES(29,8,'add_ficha','Can add ficha');
INSERT INTO auth_permission VALUES(30,8,'change_ficha','Can change ficha');
INSERT INTO auth_permission VALUES(31,8,'delete_ficha','Can delete ficha');
INSERT INTO auth_permission VALUES(32,8,'view_ficha','Can view ficha');
INSERT INTO auth_permission VALUES(33,9,'add_fotografia','Can add fotografia');
INSERT INTO auth_permission VALUES(34,9,'change_fotografia','Can change fotografia');
INSERT INTO auth_permission VALUES(35,9,'delete_fotografia','Can delete fotografia');
INSERT INTO auth_permission VALUES(36,9,'view_fotografia','Can view fotografia');
CREATE TABLE IF NOT EXISTS "auth_group" ("id" integer NOT NULL PRIMARY KEY AUTOINCREMENT, "name" varchar(150) NOT NULL UNIQUE);
CREATE TABLE IF NOT EXISTS "auth_user" ("id" integer NOT NULL PRIMARY KEY AUTOINCREMENT, "password" varchar(128) NOT NULL, "last_login" datetime NULL, "is_superuser" bool NOT NULL, "username" varchar(150) NOT NULL UNIQUE, "last_name" varchar(150) NOT NULL, "email" varchar(254) NOT NULL, "is_staff" bool NOT NULL, "is_active" bool NOT NULL, "date_joined" datetime NOT NULL, "first_name" varchar(150) NOT NULL);
INSERT INTO auth_user VALUES(1,'pbkdf2_sha256$320000$L8a9zuPklgHGntgYENgHWh$Vz8e4wKjgpOOduhVAzyaf0xB/cb6Utl6OtgPQhd2piE=','2022-08-17 12:54:54.374817',1,'Galo','','giotheasy@gmail.com',1,1,'2022-08-16 13:28:39.194796','');
CREATE TABLE IF NOT EXISTS "fotografia" ("id_fotografia" integer NOT NULL PRIMARY KEY AUTOINCREMENT, "ruta_fotografia" varchar(1024) NOT NULL, "nombre" varchar(256) NOT NULL, "id_ficha" integer NULL REFERENCES "ficha" ("id_ficha") DEFERRABLE INITIALLY DEFERRED);
CREATE TABLE IF NOT EXISTS "elemento" ("id_elemento" integer NOT NULL PRIMARY KEY AUTOINCREMENT, "nombre" varchar(256) NOT NULL, "ele_id_elemento" integer NULL REFERENCES "elemento" ("id_elemento") DEFERRABLE INITIALLY DEFERRED);
INSERT INTO elemento VALUES(1,'Prólogo',NULL);
INSERT INTO elemento VALUES(2,'Epitelio',NULL);
INSERT INTO elemento VALUES(3,'Glándulas',NULL);
INSERT INTO elemento VALUES(4,'Tejidos',NULL);
INSERT INTO elemento VALUES(5,'Sistemas',NULL);
INSERT INTO elemento VALUES(6,'Aparatos',NULL);
INSERT INTO elemento VALUES(7,'Sentidos Especiales',NULL);
INSERT INTO elemento VALUES(8,'Índice Alfabético',NULL);
INSERT INTO elemento VALUES(9,'Evaluaciones',NULL);
INSERT INTO elemento VALUES(10,'Bibliografía',NULL);
INSERT INTO elemento VALUES(11,'Conectivo',4);
INSERT INTO elemento VALUES(12,'Cartilaginoso',4);
INSERT INTO elemento VALUES(13,'Óseo',4);
INSERT INTO elemento VALUES(14,'Muscular',4);
INSERT INTO elemento VALUES(15,'Nervioso',4);
INSERT INTO elemento VALUES(16,'Sanguíneo',4);
INSERT INTO elemento VALUES(17,'Circulatorio',5);
INSERT INTO elemento VALUES(18,'Endocrino',5);
INSERT INTO elemento VALUES(19,'Linfoide',5);
INSERT INTO elemento VALUES(20,'Tegumentario',5);
INSERT INTO elemento VALUES(21,'Respiratorio',6);
INSERT INTO elemento VALUES(22,'Digestivo',6);
INSERT INTO elemento VALUES(23,'Urinario',6);
INSERT INTO elemento VALUES(24,'Reproductor Femenino',6);
INSERT INTO elemento VALUES(25,'Reproducto Masculino',6);
INSERT INTO elemento VALUES(26,'Ojo',7);
INSERT INTO elemento VALUES(27,'Oído',7);
INSERT INTO elemento VALUES(28,'Epitelio plano simple',2);
INSERT INTO elemento VALUES(29,'Epitelio cúbico simple',2);
INSERT INTO elemento VALUES(30,'Epitelio cilíndrico simple',2);
INSERT INTO elemento VALUES(31,'Epitelio cilíndrico simple con esterocilios',2);
INSERT INTO elemento VALUES(32,'Epitelio cilíndrico simple con microvellosidades',2);
INSERT INTO elemento VALUES(33,'Epitelio plano estratificado no queratinizado',2);
INSERT INTO elemento VALUES(34,'Epitelio plano estratificado queratinizado',2);
INSERT INTO elemento VALUES(35,'Epitelio cilíndrico pseudoestratificado con esterocilios',2);
INSERT INTO elemento VALUES(36,'Epitelio cilíndrico pseudoestratificado con cilios',2);
INSERT INTO elemento VALUES(37,'Epitelio de transición',2);
INSERT INTO elemento VALUES(38,'Células caliciformes',3);
INSERT INTO elemento VALUES(39,'Glándulas tubulares simples',3);
INSERT INTO elemento VALUES(40,'Glándula acinar compuesta',3);
INSERT INTO elemento VALUES(41,'Glándulas sudoriparas',3);
INSERT INTO elemento VALUES(42,'Glándulas sebáceas',3);
INSERT INTO elemento VALUES(43,'Ácinos serosos',3);
INSERT INTO elemento VALUES(44,'Glándulas mixtas',3);
INSERT INTO elemento VALUES(45,'Glándulas alveolares',3);
INSERT INTO elemento VALUES(46,'Fibras de colágeno densas y laxas',11);
INSERT INTO elemento VALUES(47,'Tejido conectivo denso regular',11);
INSERT INTO elemento VALUES(48,'Tejido reticular',11);
INSERT INTO elemento VALUES(49,'Tejido conectivo elástico',11);
INSERT INTO elemento VALUES(50,'Plasmocitos',11);
INSERT INTO elemento VALUES(51,'Histiocitos',11);
INSERT INTO elemento VALUES(52,'Mesénquima',11);
INSERT INTO elemento VALUES(53,'Tejido mucoso',11);
INSERT INTO elemento VALUES(54,'Tejido adiposo blanco',11);
INSERT INTO elemento VALUES(55,'Tejido adiposo pardo',11);
INSERT INTO elemento VALUES(56,'Cartílago hialino',12);
INSERT INTO elemento VALUES(57,'Cartílago elástico',12);
INSERT INTO elemento VALUES(58,'Cartílago elástico. Orceína',12);
INSERT INTO elemento VALUES(59,'Fibrocartílago. Disco Intervertebral',12);
INSERT INTO elemento VALUES(60,'Fibrocartílago. Menisco',12);
INSERT INTO elemento VALUES(61,'Hueso desgastado. Corte transversal',13);
INSERT INTO elemento VALUES(62,'Hueso desgastado. Corte longitudinal',13);
INSERT INTO elemento VALUES(63,'Hueso compacto descalcificado',13);
INSERT INTO elemento VALUES(64,'Hueso compacto trabecular',13);
INSERT INTO elemento VALUES(65,'Osteoclástos',13);
INSERT INTO elemento VALUES(66,'Osificación en base membranosa. Mascarilla fetal',13);
INSERT INTO elemento VALUES(67,'Osificación endocondral. Mano fetal',13);
INSERT INTO elemento VALUES(68,'Articulación de codo',13);
INSERT INTO elemento VALUES(69,'Músculo estriado esquelético. Corte longitudinal',14);
INSERT INTO elemento VALUES(70,'Músculo estriado esquelético. Corte transversal',14);
INSERT INTO elemento VALUES(71,'Músculo estriado esquelético. Hematoxilina férrica',14);
INSERT INTO elemento VALUES(72,'Músculo estriado esquelético. Hematoxilina fosfotúngstica',14);
INSERT INTO elemento VALUES(73,'Músculo cardiaco. Corte longitudinal',14);
INSERT INTO elemento VALUES(74,'Músculo cardiaco. Corte transversal',14);
INSERT INTO elemento VALUES(75,'Músculo cardiaco. Hematoxilina fosfotúngstica',14);
INSERT INTO elemento VALUES(76,'Músculo liso. Intestino delgado',14);
INSERT INTO elemento VALUES(77,'Músculo liso. Miometrio',14);
INSERT INTO elemento VALUES(78,'Cerebro',15);
INSERT INTO elemento VALUES(79,'Cerebelo',15);
INSERT INTO elemento VALUES(80,'Cerebelo. Células de Purkinje',15);
INSERT INTO elemento VALUES(81,'Médula espinal',15);
INSERT INTO elemento VALUES(82,'Médula espinal. Conducto ependimario',15);
INSERT INTO elemento VALUES(83,'Meninges',15);
INSERT INTO elemento VALUES(84,'Ganglio raquídeo',15);
INSERT INTO elemento VALUES(85,'Ganglio raquídeo. Nitrato uranio de Cajal',15);
INSERT INTO elemento VALUES(86,'Nervio periférico. Corte transversal',15);
INSERT INTO elemento VALUES(87,'Nervio periférico. Corte longitudinal',15);
INSERT INTO elemento VALUES(88,'Nervio periférico. Células de Schwann',15);
INSERT INTO elemento VALUES(89,'Neuroglia. Astrocitos fibrosos',15);
INSERT INTO elemento VALUES(90,'Neuroglia. Astrocito protoplasmático',15);
INSERT INTO elemento VALUES(91,'Plexo mientérico de Auerbach',15);
INSERT INTO elemento VALUES(92,'Frotis de sangre humana. Neutrófilos',16);
INSERT INTO elemento VALUES(93,'Frotis de sangre humana. Eosinófilo',16);
INSERT INTO elemento VALUES(94,'Frotis de sangre humana. Basófilo, eosinófilo',16);
INSERT INTO elemento VALUES(95,'Frotis de sangre humana. Monocito',16);
INSERT INTO elemento VALUES(96,'Frotis de sangre humana. Linfocitos',16);
INSERT INTO elemento VALUES(97,'Reticulocitos',16);
INSERT INTO elemento VALUES(98,'Frotis de médula ósea',16);
INSERT INTO elemento VALUES(99,'Hígado fetal. Hematopoyesis extramedular',16);
INSERT INTO elemento VALUES(100,'Sangre de Batracio',16);
INSERT INTO elemento VALUES(101,'Corazón',17);
INSERT INTO elemento VALUES(102,'Pericardio. Miocardio',17);
INSERT INTO elemento VALUES(103,'Endocardio',17);
INSERT INTO elemento VALUES(104,'Arteria elástica',17);
INSERT INTO elemento VALUES(105,'Aorta',17);
INSERT INTO elemento VALUES(106,'Arteria muscular',17);
INSERT INTO elemento VALUES(107,'Arteria muscular. Orceína',17);
INSERT INTO elemento VALUES(108,'Vena',17);
INSERT INTO elemento VALUES(109,'Capilares sinusoides en hígado',17);
INSERT INTO elemento VALUES(110,'Hipófisis',18);
INSERT INTO elemento VALUES(111,'Porción distal de hipófisis',18);
INSERT INTO elemento VALUES(112,'Pars Nerviosa',18);
INSERT INTO elemento VALUES(113,'Pars Intermedia',18);
INSERT INTO elemento VALUES(114,'Tiroides',18);
INSERT INTO elemento VALUES(115,'Tiroides. Van Gieson',18);
INSERT INTO elemento VALUES(116,'Paratiroides',18);
INSERT INTO elemento VALUES(117,'Paratiroides. Gran aumento',18);
INSERT INTO elemento VALUES(118,'Glándula suprarrenal',18);
INSERT INTO elemento VALUES(119,'Glándula suprarrenal. Van Gieson',18);
INSERT INTO elemento VALUES(120,'Corteza suprarrenal',18);
INSERT INTO elemento VALUES(121,'Glándula pineal',18);
INSERT INTO elemento VALUES(122,'Glándula pineal. Mallory',18);
INSERT INTO elemento VALUES(123,'Ganglio linfático',19);
INSERT INTO elemento VALUES(124,'Timo',19);
INSERT INTO elemento VALUES(125,'Timo. Gran aumento',19);
INSERT INTO elemento VALUES(126,'Bazo',19);
INSERT INTO elemento VALUES(127,'Bazo. Van Gieson',19);
INSERT INTO elemento VALUES(128,'Amígdala palatina',19);
INSERT INTO elemento VALUES(129,'Amígdala faríngea',19);
INSERT INTO elemento VALUES(130,'Apéndice cecal. Folículos linfoides',19);
INSERT INTO elemento VALUES(131,'Apéndice cecal. Van Gieson',19);
INSERT INTO elemento VALUES(132,'Piel delgada',20);
INSERT INTO elemento VALUES(133,'Piel delgada. Gran aumento',20);
INSERT INTO elemento VALUES(134,'Piel delgada. Mallory',20);
INSERT INTO elemento VALUES(135,'Piel gruesa',20);
INSERT INTO elemento VALUES(136,'Piel gruesa. Van Gieson',20);
INSERT INTO elemento VALUES(137,'Piel gruesa. Melanocitos',20);
INSERT INTO elemento VALUES(138,'Piel cabelluda. Glándulas sebáceas',20);
INSERT INTO elemento VALUES(139,'Piel cabelluda. Glándulas sudoríparas',20);
INSERT INTO elemento VALUES(140,'Folículo piloso',20);
INSERT INTO elemento VALUES(141,'Uña. Corte longitudinal. Eponiquio',20);
INSERT INTO elemento VALUES(142,'Uña. Corte longitudinal. Hiponiquio',20);
INSERT INTO elemento VALUES(143,'Uña. Corte transversal',20);
INSERT INTO elemento VALUES(144,'Fosas nasales',21);
INSERT INTO elemento VALUES(145,'Epiglotis',21);
INSERT INTO elemento VALUES(146,'Epiglotis. Mallory',21);
INSERT INTO elemento VALUES(147,'Tráquea',21);
INSERT INTO elemento VALUES(148,'Tráquea. Mallory',21);
INSERT INTO elemento VALUES(149,'Bronquio',21);
INSERT INTO elemento VALUES(150,'Pulmón',21);
INSERT INTO elemento VALUES(151,'Pulmón. Mallory',21);
INSERT INTO elemento VALUES(152,'Labio',22);
INSERT INTO elemento VALUES(153,'Pared lateral de boca',22);
INSERT INTO elemento VALUES(154,'Encía',22);
INSERT INTO elemento VALUES(155,'Lengua',22);
INSERT INTO elemento VALUES(156,'Lengua. Van Gieson',22);
INSERT INTO elemento VALUES(157,'Diente descalcificado',22);
INSERT INTO elemento VALUES(158,'Odontogénesis',22);
INSERT INTO elemento VALUES(159,'Glándula parótida',22);
INSERT INTO elemento VALUES(160,'Glándula submaxilar',22);
INSERT INTO elemento VALUES(161,'Glándula sublingual',22);
INSERT INTO elemento VALUES(162,'Faringe',22);
INSERT INTO elemento VALUES(163,'Esófago',22);
INSERT INTO elemento VALUES(164,'Esófago. Mallory',22);
INSERT INTO elemento VALUES(165,'Estómago',22);
INSERT INTO elemento VALUES(166,'Estómago. Glándulas fúndicas',22);
INSERT INTO elemento VALUES(167,'Duodeno',22);
INSERT INTO elemento VALUES(168,'Intestino delgado',22);
INSERT INTO elemento VALUES(169,'Intestino delgado. Vellosidades',22);
INSERT INTO elemento VALUES(170,'Intestino delgado. Plexo de Auerbach',22);
INSERT INTO elemento VALUES(171,'Intestino grueso',22);
INSERT INTO elemento VALUES(172,'Apéndice cecal',22);
INSERT INTO elemento VALUES(173,'Hígado humano',22);
INSERT INTO elemento VALUES(174,'Hígado humano. Van Gieson',22);
INSERT INTO elemento VALUES(175,'Hígado humano. Espacio porta',22);
INSERT INTO elemento VALUES(176,'Hígado de cerdo',22);
INSERT INTO elemento VALUES(177,'Hígado de cerdo. Mallory',22);
INSERT INTO elemento VALUES(178,'Vesícula biliar',22);
INSERT INTO elemento VALUES(179,'Vesícula biliar. Van Gieson',22);
INSERT INTO elemento VALUES(180,'Páncreas',22);
INSERT INTO elemento VALUES(181,'Páncreas. Van Gieson',22);
INSERT INTO elemento VALUES(182,'Riñón',23);
INSERT INTO elemento VALUES(183,'Riñón. Médula',23);
INSERT INTO elemento VALUES(184,'Riñón. Corpúsculo renal',23);
INSERT INTO elemento VALUES(185,'Pelvis renal',23);
INSERT INTO elemento VALUES(186,'Pelvis renal. Mallory',23);
INSERT INTO elemento VALUES(187,'Uréter',23);
INSERT INTO elemento VALUES(188,'Uréter. Mallory',23);
INSERT INTO elemento VALUES(189,'Vejiga',23);
INSERT INTO elemento VALUES(190,'Vejiga. Mallory',23);
INSERT INTO elemento VALUES(191,'Ovario',24);
INSERT INTO elemento VALUES(192,'Ovario. Folículo secundario',24);
INSERT INTO elemento VALUES(193,'Cuerpo albicans',24);
INSERT INTO elemento VALUES(194,'Trompta uterina',24);
INSERT INTO elemento VALUES(195,'Endometrio proliferativo',24);
INSERT INTO elemento VALUES(196,'Endometrio secretor temprano',24);
INSERT INTO elemento VALUES(197,'Cuello uterino. Zona de transición',24);
INSERT INTO elemento VALUES(198,'Endocervix',24);
INSERT INTO elemento VALUES(199,'Vagina',24);
INSERT INTO elemento VALUES(200,'Placenta',24);
INSERT INTO elemento VALUES(201,'Cordón umbilical',24);
INSERT INTO elemento VALUES(202,'Glándula mamaria',24);
INSERT INTO elemento VALUES(203,'Testículo',25);
INSERT INTO elemento VALUES(204,'Testículo. Células de Leydig',25);
INSERT INTO elemento VALUES(205,'Epididimo',25);
INSERT INTO elemento VALUES(206,'Epididimo. Mallory',25);
INSERT INTO elemento VALUES(207,'Conducto deferente',25);
INSERT INTO elemento VALUES(208,'Conducto deferente. Van Gieson',25);
INSERT INTO elemento VALUES(209,'Vesícula seminal',25);
INSERT INTO elemento VALUES(210,'Próstata',25);
INSERT INTO elemento VALUES(211,'Pene',25);
INSERT INTO elemento VALUES(212,'Pene. Cuerpo esponjoso',25);
INSERT INTO elemento VALUES(213,'Pene. Cuerpo cavernoso',25);
INSERT INTO elemento VALUES(214,'Ojo fetal',26);
INSERT INTO elemento VALUES(215,'Córnea',26);
INSERT INTO elemento VALUES(216,'Cuerpo ciliar',26);
INSERT INTO elemento VALUES(217,'Retina. Coroides. Esclerótica',26);
INSERT INTO elemento VALUES(218,'Cristalino',26);
INSERT INTO elemento VALUES(219,'Órgano de Corti',27);
INSERT INTO elemento VALUES(220,'Pabellón de oreja',27);
CREATE TABLE IF NOT EXISTS "django_session" ("session_key" varchar(40) NOT NULL PRIMARY KEY, "session_data" text NOT NULL, "expire_date" datetime NOT NULL);
INSERT INTO django_session VALUES('1s4s98090c8f9vqqndjx5dt19lxfrae9','.eJxVjDkOwjAUBe_iGln2J15ESc8ZrL_YOIAcKU6qiLtDpBTQvpl5m0q4LjWtPc9pFHVRVp1-N0J-5rYDeWC7T5qntswj6V3RB-36Nkl-XQ_376Bir986ogMqBBGZXUQgDAXEGjIO0RouZCQwo89UzhIgl0EGB4HBO3bZq_cHGQ85MQ:1oNwcy:axOhfmAjU2JCHyI_tsdi0zkW_uTbzVOB2BYErmSZhao','2022-08-30 13:29:04.543679');
INSERT INTO django_session VALUES('0d8bnnukape4jlqqwt2f3u7oq63djlte','.eJxVjDkOwjAUBe_iGln2J15ESc8ZrL_YOIAcKU6qiLtDpBTQvpl5m0q4LjWtPc9pFHVRVp1-N0J-5rYDeWC7T5qntswj6V3RB-36Nkl-XQ_376Bir986ogMqBBGZXUQgDAXEGjIO0RouZCQwo89UzhIgl0EGB4HBO3bZq_cHGQ85MQ:1oOIZS:25EcY8lTVDz-AHnFT7UJl3sSge9kZu-j2lMtIiWsJZQ','2022-08-31 12:54:54.381703');
CREATE TABLE IF NOT EXISTS "ficha" ("id_ficha" integer NOT NULL PRIMARY KEY AUTOINCREMENT, "contenido" text NULL, "id_elemento" integer NULL REFERENCES "elemento" ("id_elemento") DEFERRABLE INITIALLY DEFERRED);
INSERT INTO ficha VALUES(1,replace(replace('Prólogo\r\n\r\nEn pocas oportunidades se tienen satisfacciones como la que ahora se me presenta para resaltar un precioso material interactivo la del aprendizaje de la histología, elaborado por el Dr. Marco Aliaga, un médico joven, que de esta manera muestra sus potencialidades para la academia y la ciencia, y de quien me enorgullezco haber sido su colaborador en éste emprendimiento.\r\n\r\nEs un hito para la historia de la Facultad porque el material se ha producido en la Cátedra, con fotografías obtenidas de las laminillas creadas por nuestras histotecnólogas y que tiene el objetivo de facilitar el aprendizaje y la enseñanza de estudiantes y académicos.\r\n\r\nLo interesante, es que con este medio interactivo pretendemos promover el aprendizaje independiente y el uso de las nuevas tecnologías en sustitución del microscopio, al que le quedan reservadas otras funciones. De esta maneca, el estudiante podrá aprender histología sin necesidad de contar con un microscopio facilitando las tareas de los docentes.\r\n\r\nGuido Zambrana Avila\r\nDECANO','\r',char(13)),'\n',char(10)),1);
INSERT INTO ficha VALUES(2,replace(replace('Epitelio plano simple. Endocardio. H-E.\r\nLlamado también epitelio escamoso simple, se encuentra formado por un solo plano de células planas, donde predomina la altura sobre el ancho celular.\r\nLa forma celular es poligonal que contrasta con un núcleo ovalado y ocasionalmente aplanado. En esta foto se observa un perfil celular que demuestra su forma ahusada, donde cada célula es más delgada en sus extremos en relación a la porción central, por la presencia del núcleo.\r\nDe acuerdo a donde se encuentre este tipo de epitelio tiene funciones como: el transporte del líquido, el intercambio gaseoso, como membrana limitante, lubricación, membrana de recubrimiento y la absorción de líquidos.\r\n\r\nAlgunos ejemplos de lugares donde se encuentra este epitelio son:\r\n\r\n- Conducto semicircular del oído interno y el oído medio.\r\n- Capa parietal de la cápsula de Bowman y asa de Henle en riñones.\r\n- Alvéolos pulmonares.\r\n- Como mesotelio, recubriendo cavidades, como la pleural y peritoneal.\r\n- Como endotelio que recubre las cavidades internas del corazón, vasos sanguíneos y linfáticos.','\r',char(13)),'\n',char(10)),28);
INSERT INTO ficha VALUES(3,replace(replace('Epitelio cúbico simple. Túbulos renales. PAS.\r\nSe observa la sección de un túbulo renal, donde se aprecia claramente una capa de células don-de la altura es similar a su ancho, adoptando la forma de un cubo con núcleos esféricos centrales.\r\n\r\nLas funciones de este epitelio son: secreción y absorción celular.\r\n\r\nAlgunos ejemplos de lugares donde se encuentra este tipo de epitelio son:\r\n\r\n- Túbulos renales.\r\n- Conductos secretores de la mayor parte de glándulas.\r\n- Folículos de la glándula tiroides.\r\n- Superficie del ovario.','\r',char(13)),'\n',char(10)),29);
INSERT INTO ficha VALUES(4,replace(replace('Epitelio cilíndrico simple. Estómago. T. Mallory.\r\nEn este tipo de epitelio predomina la altura sobre el ancho, sin embargo visto desde la superficie es semejante al epitelio cúbico, pero la diferencia fundamental para su reconocimiento son los núcleos que en el epitelio cilíndrico son ovalados y están próximos a la superficie basal celular.\r\n\r\nAlgunos ejemplos de lugares donde se encuentra este tipo de epitelio son:\r\n\r\n- Superficie interna del tubo digestivo.\r\n- Vesícula biliar\r\n- Como epitelio secretor de algunas glándulas.','\r',char(13)),'\n',char(10)),30);
INSERT INTO ficha VALUES(5,replace(replace('Epitelio cilíndrico simple con esterocilios. T. Hematoxilina Férrica.\r\nLos cilios son un tipo de especialización de la superficie celular, los cuales pueden ser de dos tipos: esterocilios los cuales inmóviles o cinocilios, que son móviles. En el primer caso los esterocilios tienen por función aumentar la superficie apical e incrementar la absorción celular. En el caso de los cinocilios la función es la de desplazar el moco y otras sustancias sobre la superficie del epitelio hacia una estructura o lugar determinado.\r\n\r\nAlgunos ejemplos de lugares donde se encuentran estos tipos de epitelio son:\r\n\r\nEsterocilios:\r\n\r\n- Conductillos eferentes del testículo.\r\n- Células piliformes del oído interno.\r\n\r\nCinocilios:\r\n- Bronquíolos.\r\n- Trompas uterinas.\r\n- Útero.','\r',char(13)),'\n',char(10)),31);
INSERT INTO ficha VALUES(6,replace(replace('Epitelio cilíndrico simple con microvellosidades. Intestino delgado. T. Mallory.\r\nLas microvellosidades son otro tipo de especialización de la superficie celular, cuyas proyecciones citoplasmáticas le han merecido la designación de ribete en cepillo, borde en cepillo o chapa estriada.\r\n\r\nLa función principal es la de incrementar la superficie de su epitelio para el transporte, secreción, protección y absorción celular.\r\n\r\nAlgunos ejemplos de lugares donde se encuentra este tipo de epitelio son:\r\n\r\n- Células del intestino delgado.\r\n- Túbulos proximales renales.','\r',char(13)),'\n',char(10)),32);
INSERT INTO ficha VALUES(7,replace(replace('Epitelio plano estratificado no queratinizado. Vagina. T. van Gieson.\r\nEste tipo de epitelio contiene numerosas capas celulares superpuestas, donde las más cercanas a la membrana basal varían de cilíndricas a cúbicas mientras que capas más superficiales se tornan planas, por lo cual se debe el nombre de este epitelio.\r\n\r\nUn detalle importante para la diferenciación del epitelio plano estratificado no queratinizado con el epitelio plano estratificado queratinizado, es la presencia de los núcleos celulares, los cuales se mantienen a todo nivel en las capas celulares del primer caso. La función principal es protección de mucosas y secreción celular.\r\n\r\nAlgunos ejemplos de lugares donde se encuentra este tipo de epitelio son mucosas como:\r\n\r\n- Vagina\r\n- Esófago\r\n- Mucosa oral\r\n- Pliegues vocales\r\n- Córnea','\r',char(13)),'\n',char(10)),33);
INSERT INTO ficha VALUES(8,replace(replace('Epitelio plano estratificado queratinizado. Epidermis. H.E.\r\nContiene numerosas capas celu-lares superpuestas, donde células cercanas a la membrana basal varían de cilíndricas a cúbicas mientras que las más superficiales se tornan planas tornan planas, por lo cual se debe el nombre de este epitelio.\r\nUn detalle importante para la diferenciación del epitelio plano estratificado queratinizado con el epitelio plano estratificado no queratinizado, es la ausencia de núcleos, los cuales van desapareciendo en capas celulares más superficiales. La función principal es la protección que brindan estas células al formar capas córneas, frente a distintos estímulos y contactos físicos o químicos del medio exterior. \r\n\r\nAlgunos ejemplos de lugares donde se encuentra este tipo de epitelio son: \r\n\r\n- Epidermis\r\n- Encías\r\n- Paladar duro','\r',char(13)),'\n',char(10)),34);
INSERT INTO ficha VALUES(9,replace(replace('Epitelio cilíndrico pseudoestratificado con esterocilios. Epidídimo. T. Mallory.\r\nEn este tipo de epitelio, todas las celulares se encuentran en contacto con la membrana basal, pero no todas llegan a la superficie. Por lo tanto existen dos tipos celulares: unas que son bajas y anchas en su su-perficie basal; otras que son cilíndricas, altas y delgadas en la superficie basal y angostas en la superficie apical. Por otro lado los núcleos celula-res se observan a distintos niveles lo cual otorga a este epitelio un aspecto estratificado.\r\n\r\nEste epitelio posee un tipo de especialización de superficie celular como son los esterocilios, los cuales con inmóviles.\r\n\r\nLas principales funciones de este epitelio son: protección, absorción y secreción.\r\n\r\nEl lugar donde se encuentra este tipo de epitelio es:\r\n\r\n- La mayor parte del conducto del epidídimo.','\r',char(13)),'\n',char(10)),35);
INSERT INTO ficha VALUES(10,replace(replace('Epitelio cilíndrico pseudoestratificado con cilios. H.E.\r\nSus características están referidas a que todas las células se encuentran en contacto con la membrana basal pero no todas llegan a la superficie. Existen dos tipos celulares: unas que en la superficie basal son bajas y anchas, otras que son cilíndricas, altas y delgadas en la superficie basal y angostas en la superficie apical. Por otro lado los núcleos se observan a distintos niveles lo cual otorga a este epitelio el aspecto estratificado.\r\n\r\nLos cilios que posee su superficie apical son del tipo móvil por lo tanto intervienen en el transporte y protección celular. Como este epitelio se encuentra revistiendo la mayor parte de las vías respiratorias se lo ha denominado también epitelio respiratorio.\r\n\r\nAlgunos lugares donde se encuentra este tipo de epitelio son:\r\n\r\n- Tráquea\r\n- Bronquios principales\r\n- Trompas auditivas \r\n- Parte de la cavidad timpánica\r\n- Parte de la cavidad nasal\r\n- Parte del saco lagrimal','\r',char(13)),'\n',char(10)),36);
INSERT INTO ficha VALUES(11,replace(replace('Epitelio de transición. Vejiga. T. Mallory.\r\nAntiguamente se pensaba que este epitelio era la transición entre los epitelios plano y cilíndrico estratificados. Sin embargo se sabe actualmente, que la forma celular variará de acuerdo a si su superficie epitelial se encuentra contraída o dilatada, ya que este epitelio es particular de órganos huecos que sufren variaciones de volumen como lo son las vías urinarias, razón por la cual se la ha denominado también como urotelio.\r\n\r\nPor lo tanto las funciones de este epitelio serán la protección y distensión.','\r',char(13)),'\n',char(10)),37);
INSERT INTO ficha VALUES(12,replace(replace('Células caliciformes. Intestino delgado. T. Mallory.\r\nSon glándulas de tipo unicelular donde cada célula es una unidad secretora. Su forma se asemeja a la de una copa de vino o cáliz.\r\n\r\nEsta glándula es el tipo más simple de glándula exocrina cuya función principal es la de secretar un líquido viscoso lubricante, compuesto por mucina y agua, formando así el moco que recubrirá el tubo digestivo y las vías respiratorias, los cuales son lugares donde se pueden localizar estas glándulas. \r\n\r\nSu función principal es la de lubricar y proteger la lámina epitelial de los tejidos donde se las encuentra.','\r',char(13)),'\n',char(10)),38);
INSERT INTO ficha VALUES(13,replace(replace('Glándulas tubulares simples. Endometrio proliferativo. H.E.\r\nLas glándulas tubulares simples son de tipo exocrino y están organizadas por varias células que conforman una unidad, por cuya morfología se las han denominado tubulares. Por otro lado, no presentan ramificaciones en sus conductos, por lo cual se las clasifican como simples. \r\n\r\nSe puede encontrar ejemplos de estas glándulas en:\r\n\r\n- El endometrio proliferativo.\r\n- Glándulas intestinales (Criptas de Lieberkühn)\r\n- Glándulas sudoríparas (Glándula tubular enrollada)','\r',char(13)),'\n',char(10)),39);
INSERT INTO ficha VALUES(14,replace(replace('Glándula acinar compuesta. Páncreas. H.E.\r\nComo se muestra en la foto, cada unidad secretora tiene la forma externa de un saco mientras que la luz central es de tipo tubular, por lo cual cada célula tiene un aspecto piramidal. En el caso particular, por tratarse del páncreas, se considera a esta glándula como mixta, ya que tiene una función exocrina a través de sus ácinos serosos de contenido enzimático y endócrina a través de los Islotes de Langerhans donde se producen hormonas.\r\n\r\nPor el mecanismo de secreción, estas glándulas son de tipo merócrino, donde se expulsa sólo el producto elaborado sin pérdida de sustancia celular.','\r',char(13)),'\n',char(10)),40);
INSERT INTO ficha VALUES(15,replace(replace('Glándulas sudoríparas. Piel cabelluda. H.E.\r\nSon un tipo de glándulas exócrinas organizadas por varias células en unidades. Cada unidad es de tipo tubular sin ramificaciones, por lo tanto son de tipo simple. Una particularidad esencial es el fondo tubular de estas glándulas, las cuales se encuentran enrolladas. En la fotografía no se puede apreciar este detalle ya que gran parte de estas glándulas han sido seccionadas de manera transversal por lo cual tienen una forma circular y no tubular.\r\n\r\nPor el mecanismo de secreción puede considerarse a este tipo de glándula de tipo apócrino ya que se libera junto al producto de secreción parte del cito-plasma apical.','\r',char(13)),'\n',char(10)),41);
INSERT INTO ficha VALUES(16,replace(replace('Glándulas sebáceas. Piel cabelluda. H.E.\r\nLas glándulas sebáceas se componen de alvéolos redondeados, que en su conjunto forman masas a manera de racimos de uva, las cuales tienen un solo conducto excretor que normalmente se abre hacia el folículo piloso. \r\n\r\nEste tipo de glándula se la localiza en cualquier región del cuerpo excepto en palmas de la mano, plantas y dorso de los pies.\r\n\r\nPor el mecanismo de secreción puede considerarse a esta glándula como holócrina ya que el producto final de la secreción está compuesta por la célula entera, vale decir, que la célula en su totalidad se desintegra para constituirse como parte de la secreción.','\r',char(13)),'\n',char(10)),42);
INSERT INTO ficha VALUES(17,replace(replace('Ácinos serosos. Glándula parótida. H.E.\r\nLa unidad secretora en este tipo de glándula, está compuesta por ácinos, que tienen la forma externa de un saco las cuales están agrupadas en círculos para dar lugar a una luz central que es de tipo tubular donde se vierte la secreción. Se observa también la presencia de algunos conductos intralobulillares que recogen el producto de secreción de estas glándulas.\r\n\r\nPor el mecanismo de secreción, estas glándulas son de tipo merócrino, donde se expulsa sólo el producto elaborado sin la pérdida de sustancia celular.','\r',char(13)),'\n',char(10)),43);
INSERT INTO ficha VALUES(18,replace(replace('Glándulas mixtas. Glándula submaxilar. H.E.\r\nSe ha denominado glándulas mixtas ya que poseen tanto ácinos serosos como ácinos mucosos. La función principal de los ácinos serosos es la de secretar enzimas, mientras que los ácinos mucosos secretan mucina de consistencia espesa para proteger y lubricar la superficie epitelial de los tejidos adyacentes.\r\n\r\nComo se demuestra en la foto se pueden encontrar escasos ácinos serosos que unidas a ácinos mucosos forman estructuras con forma de semi-lunas las cuales se la han denominado las semi-lunas de von Ebner.','\r',char(13)),'\n',char(10)),44);
INSERT INTO ficha VALUES(19,replace(replace('Glándulas alveolares. Próstata. H.E.\r\nLos alvéolos prostáticos tienen una forma muy irregular y son de tamaño variable. Contienen en su interior el producto de su secreción como cuerpos Amiláceos.','\r',char(13)),'\n',char(10)),45);
INSERT INTO ficha VALUES(20,replace(replace('Fibras de colágeno densas y laxas. Dermis. H.E.\r\nLas fibras de colágeno se encuentran en todos los tipos de tejido las cuales a su vez están conformadas por proteínas denominadas colágena. \r\n\r\nEn el caso particular se puede apreciar fibras de colágeno denso de tipo irregular ya que presenta fibras colágenas gruesas con una distribución en todos los sentidos, además existe poca sustancia fundamental y algunas células como los fibroblastos. Este tipo de fibras le dan a los tejidos la capacidad de resistencia y dureza necesarios para el sostén celular. \r\nPor otro lado encontramos también fibras de tejido conectivo laxo, las cuales contienen también fibras que están dispuestas de manera laxa donde podremos encontrar tres elementos: sustancia fundamental amorfa, fibras y células como los fibroblastos y macrófagos que son los más comunes. Su función principal es la de albergar estructuras como los nervios, vasos sanguíneos y linfáticos.','\r',char(13)),'\n',char(10)),46);
INSERT INTO ficha VALUES(21,replace(replace('Tejido conectivo denso regular. Tendón. H.E.\r\nEn este tipo de tejido encontramos haces de fibras de colágeno gruesas las cuales adoptan una disposición paralela que además es ordenada.\r\n\r\nDentro de este grupo encontramos a los tendones, la mayoría de los ligamentos y aponeurosis. En el tendón podemos encontrar células con núcleos condensados alargados y planos, cuyas células están dispuestas entre las fibras de colágeno a las cuales se las ha denominado tenocitos, sin embargo estos no son nada más que fibroblastos especializados.\r\n\r\nLa función principal de este tejido es la de soportar gran resistencia a la tensión.','\r',char(13)),'\n',char(10)),47);
INSERT INTO ficha VALUES(22,replace(replace('Tejido reticular. Ganglio linfático. Carbonato de plata.\r\nEl tejido reticular es un tipo primitivo de tejido conectivo, caracterizado por la presencia de una red de fibras reticulares entretejidas en base a fibras de colágeno tipo III, fibroblastos, linfocitos y macrófagos.\r\n\r\nLa función principal es formar el armazón de diferentes órganos.\r\n\r\nSe puede localizar este tejido en:\r\n\r\n- Ganglios linfáticos.\r\n- Médula ósea.\r\n- Hígado.\r\n- Bazo.\r\n- Músculo liso.\r\n- Islotes de Langerhans.\r\n- Tejido adiposo.','\r',char(13)),'\n',char(10)),48);
INSERT INTO ficha VALUES(23,replace(replace('Tejido conectivo elástico. Arteria elástica. T. Orceína.\r\nEn este tejido las fibras elásticas están agrupadas en forma paralela, donde resaltan muchos núcleos ovales o alargados con escaso citoplasma que corresponde a los fibroblastos, esto lo hace diferente del tejido conectivo denso regular donde sus células presentan núcleos planos.\r\n\r\nSu principal función es otorgar elasticidad en los órganos donde este tejido se localice.\r\n\r\nSe puede encontrar este tejido en:\r\n\r\n- Arterias elásticas.\r\n- Ligamento cervical posterior.\r\n- Ligamento amarillo de la columna vertebral.\r\n- Ligamentos en la laringe.\r\n- Fascia abdominal superficial.','\r',char(13)),'\n',char(10)),49);
INSERT INTO ficha VALUES(24,replace(replace('Plasmocitos. H.E.\r\nLos plasmocitos son parte de las células del tejido conectivo, se asemejan a los linfocitos pero que tienen un diámetro mayor. El nombre es conferido por presentar un citoplasma amplio contrastado con un núcleo que generalmente es excéntrico y tiene la forma de una rueda o las horas de un reloj. Representan una diferenciación especial del linfocito B y su principal función es la producción de anticuerpos.\r\n\r\nEstas células son raras dentro del tejido conectivo pero se las pueden localizar en:\r\n\r\n- Membranas serosas.\r\n- Tejido linfoide.\r\n- Lámina propia del tubo digestivo.','\r',char(13)),'\n',char(10)),50);
INSERT INTO ficha VALUES(25,replace(replace('Histiocitos. Vesícula biliar. H.E.\r\nLos histiocitos llamados también macrófagos derivan de las células precursoras de la médula ósea. Los macrófagos circulan por la sangre como monocitos, emigran a través de las paredes de los capilares sanguíneos y se depositan en diferentes tejidos del cuerpo donde tomarán diferentes nominaciones como: \r\n\r\n- Los histiocitos en la vesícula biliar.\r\n- Células de Kupffer en el hígado.\r\n- Macrófagos alveolares en pulmones.\r\n- Microglía en el sistema nervioso.\r\n- Osteoclastos en el hueso.\r\n\r\nSu función es la fagocitar células muertas, bacterias y partículas extrañas.','\r',char(13)),'\n',char(10)),51);
INSERT INTO ficha VALUES(26,replace(replace('Mesénquima. H.E.\r\nEs un tipo de tejido conectivo no especializado que se aparece en las primeras semanas de vida embrionaria cuyas células al diferenciarse van desapareciendo.\r\n\r\nEstá conformado por células mesenquimatosas que tienen prolongaciones ramificadas que parecen unirse unas con otras, se encuentran inmersas en sustancia fundamental amorfa.\r\n\r\nSu función principal es la de diferenciarse en los tejidos conectivos del adulto.','\r',char(13)),'\n',char(10)),52);
INSERT INTO ficha VALUES(27,replace(replace('Tejido mucoso. Cordón umbilical. H.E.\r\nEl tejido mucoso es un tipo de tejido conectivo transitorio que se presenta debajo la piel del feto y en el cordón umbilical como gelatina de Wharton. Posteriormente estos se diferenciarán como tejido conectivo.\r\n\r\nLas células que presenta son fibroblastos de morfología estrellada, macrófagos y algunos linfocitos inmersos en sustancia fundamental abundante, blanda y gelatinosa.','\r',char(13)),'\n',char(10)),53);
INSERT INTO ficha VALUES(28,replace(replace('Tejido adiposo blanco. H.E.\r\nLlamado también grasa unilocular o monolocular ya que en todo su citoplasma, estas células contienen una solo gotita de lípido. Como se observa en la foto estas células se encuentran juntas separadas por tabiques fibrosos.\r\n\r\nEste tejido se puede desarrollar en casi cualquier lugar del cuerpo onde abunde el tejido areolar como tejidos subcutáneos, mesenterio, epiplón, médula ósea y alrededor de los riñones.\r\n\r\nLas principales características que lo diferencian de la grasa parda, vistos al microscopio son:\r\n\r\n- Sus células son más grandes que la grasa parda y pueden llegar a medir diámetros superiores a los 100 µm.\r\n- Tienen una sola gota de lípido. En todo su citoplasma.','\r',char(13)),'\n',char(10)),54);
INSERT INTO ficha VALUES(29,replace(replace('Tejido adiposo pardo. H.E.\r\nLlamado también grasa multilocular ya que en su citoplasma, estas células contienen varias gotitas de lípidos. Este tipo de tejido conectivo se característica por estar lobulado, similar a una glándula.\r\n\r\nEste tejido se está mejor desarrollado en el feto y recién nacidos repartiéndose entre las escápulas, las axilas, región de la nuca y a lo largo de los vasos sanguíneos. Esta grasa se diferenciará posteriormente en grasa blanca en el adulto, conservándose vestigios en el cuello, riñones y regiones que rodena la aorta abdominal.\r\n\r\nLas principales características que lo diferencian de la grasa blanda, vistos al microscopio son:\r\n\r\n- Sus células son más pequeñas que la grasa blanca.\r\n- Tienen varias gotas de lípidos intracitoplasmáticos.','\r',char(13)),'\n',char(10)),55);
INSERT INTO ficha VALUES(30,replace(replace('Cartilago hialino. Traquea. H.E.\r\nEl cartílago hialino este constituido por fibras de colágeno tipo La mayor parte de su superficie esta conformada por una matriz avascular donde están inmersas una población celular conocidas como los condrocitos. Estas células son las encargadas de la producción de la matriz y los espacios que ocupan estas dentro de la matriz se conocen como lagunas condrocitarias. Se puede observar en una sola laguna algunos condrocitos pequeños jóvenes, usualmente en parejas, los cuales se originan a partir de divisiones mitóticas de un condorcito, a esta particularidad se la conoce con el nombre de grupos isogenos.\r\n\r\nPor fuera de la matriz se localiza el pericondrio, que es una capa resistente de tejido conectivo denso que envuelve al cartílago, en su composición presentan fibras de colágena tipo I y fibras elástica. En el pericondrio se reconocen dos estructuras: una capa fibrosa externa donde se localizan abundantes fibras de las ya mencionada y una capa condrogénica donde podemos encontrar a los condroblastos cuya función es la de dar origen a los condrocitos a lo largo de la matriz. \r\n\r\n\r\nAlgunos lugares donde se puede localizar este tipo de cartílago son:\r\n- Cartílagos nasales.\r\n- Paredes de vías respiratorias como la laringe, la tráquea y los bronquios.\r\n- Recubren la superficie articular de la mayor parte de las articulaciones del cuerpo.\r\n- Cartílagos costales.\r\n\r\nSu función es evitar la taco& entre las superficies articulares, participa en el crecimiento longitudinal de los huesos largos y brinda un esqueleto rígido a nivel de las vías aéreas.','\r',char(13)),'\n',char(10)),56);
INSERT INTO ficha VALUES(31,replace(replace('Cartílago elástico. Oreja. H.E.\r\nEl cartílago elástico es semejante al cartílago hialino pero su superficie es más opaca. Algunas de sus características son:\r\n\r\n- Presenta una matriz avascular donde se encuentran dispersas abundantes fibras elásticas entre las cuales se pueden encontrar los condrocitos. Estas células son las encargadas de la producción de la matriz. El espacio que ocupan estas dentro de la matriz se conoce como lagunas. Pueden observarse en una sola laguna algunos condrocitos pequeños jóvenes, usualmente en parejas, los cuales se originan a partir de divisiones mitóticas de un condorcito, a esta particularidad se le conoce con el nombre de grupos isógenos.\r\n- Por fuera de la matriz se localiza el pericondrio.\r\n\r\nEstas fibras de tipo elástico otorgan a este tipo de cartílago propiedades de elasticidad y flexibilidad.\r\n\r\nAlgunos lugares donde podemos encontrar al cartílago elástico son:\r\n\r\n- Pabellón auricular.\r\n- Trompa de Eustaquio.\r\n- La epiglotis.\r\n- Cartílagos corniculado y cuneiforme de la laringe.\r\n- Paredes del conducto auditivo externo.','\r',char(13)),'\n',char(10)),57);
INSERT INTO ficha VALUES(32,replace(replace('Cartílago elástico. Oreja. T. Orceína.\r\nPor acción de esta tinción se puede apreciar de manera más clara las fibras elásticas que se hallan dispersas en la matriz, las cuales comparten su lugar con los condrocitos en sus lagunas como también los grupos isógenos.','\r',char(13)),'\n',char(10)),58);
INSERT INTO ficha VALUES(33,replace(replace('Fibrocartílago. Disco intervertebral. H.E.\r\nLos discos intervertebrales se localizan entre las vértebras a fin de evitar la fricción entre sus superficies articulares. Histológicamente se presen-tan como una combinación entre tejido conectivo denso y cartílago hialino. Este tejido tiene una apariencia fibrosa otorgada por las fibras de colágeno tipo I las cuales son sintetizadas por los fibrocitos. Por otro lado la segunda población celular, los condrocitos, se disponen en hileras dispuestas en una matriz hialina. Una característica importante de este cartílago es que carece de pericondrio.\r\n\r\nLugares donde se localiza este cartílago son:\r\n- Discos intervertebrales.\r\n- Algunas superficies articulares como ser la rodilla a nivel de los meniscos, la articulación temporom axilar, articulación esternoclavicular, articulación glenohumeral y la sínfisis del pubis.\r\n- Lugares de inserción de ligamentos y tendones. Su función es la de brindar cierto grado de elasticidad y un apoyo firme ayudando a absorber ciertos impactos físicos repentinos.','\r',char(13)),'\n',char(10)),59);
INSERT INTO ficha VALUES(34,replace(replace('Fibrocartílago. Menisco. H.E.\r\nEn el menisco encontramos una estructura particular: el núcleo pulposo, que está localizado en el centro del disco intervertebral, este se asemeja al cartílago hialino en degeneración. Está constituido por tejido conectivo laxo donde se encuentran a las células fisalíferas.','\r',char(13)),'\n',char(10)),60);
INSERT INTO ficha VALUES(35,replace(replace('Hueso desgastado (corte transversal). Sin tinción.\r\nEste corte de hueso ha sido preparado con una técnica llamada "por desgaste", en la cual se realizan cortes de hueso tan delgados como sean posibles para luego proceder a lijarlos hasta conseguir una muestra tan fina que pueda ser observable al microscopio óptico, la cual mantendrá todas las características del tejido óseo. En este corte transversal de hueso se observa claramente los canales longitudinales por donde pasan los vasos sanguíneos llamados conductos de Havers, los cuales están rodeados por varias laminillas concéntricas que en su conjunto formarán los sistemas de Havers. Entre cada sistema de Havers se encuentran zonas irregulares de tejido óseo laminar denominadas láminas intersticiales.\r\n\r\nEn cada lámina concéntrica podemos apreciar los osteocitos, que son células óseas que se encuentran en espacios denominados lagunas óseas, es-tas células poseen prolongaciones que pasan por los canalículos óseos para interconectarse unas con otras con el fin de intercambiar sustancias necesarias para su metabolismo.','\r',char(13)),'\n',char(10)),61);
INSERT INTO ficha VALUES(36,replace(replace('Hueso desgastado (corte longitudinal). T. Violeta de Daliah.\r\nEl corte longitudinal de hueso nos permite apreciar los conductos de Volkmann, los cuales son otro tipo de sistema de canales conductores de vasos sanguíneos los cuales comunican conductos de Havers entre sí para completar un sistema de distribución sanguínea que comunican los vasos tanto del periostio como del endostio.','\r',char(13)),'\n',char(10)),62);
INSERT INTO ficha VALUES(37,replace(replace('Hueso compacto descalcificado (corte transversal). T. Azul de metilo.\r\nEsta preparación de hueso descalcificado, llamado también desmineralizado, es otra técnica alternativa para poder observar el hueso al microscopio, en la cual se utiliza un ácido o agente quelante para la desmineralización ósea, después de la cual se retendrán todos los componentes del tejido y estarán listas para su observación o para someterlo a alguna tinción. En este corte transversal de hueso se observan los canales longitudinales por donde pasan los vasos sanguíneos llamados conductos de Havers, los cuales están rodeados por varias laminillas concéntricas que en su conjunto formarán los sistemas de Havers. Entre cada sistema de Havers se encuentran zonas irregulares de tejido óseo laminar denominadas láminas intersticiales. En cada lámina concéntrica podemos apreciar los osteocitos, que son las células óseas que se encuentran en espacios denominados lagunas óseas, estas células poseen prolongaciones que pasan por los canalículos óseos para interconectarse unas con otras con el fin de intercambiar sustancias necesarias para su metabolismo','\r',char(13)),'\n',char(10)),63);
INSERT INTO ficha VALUES(38,replace(replace('Hueso compacto trabecular. H.E.\r\nEn este corte se observan trabéculas que están formadas por láminas óseas, las cuales no conforman los sistemas de conducción sanguíneo. Sin embargo se pueden encontrar osteonas trabeculares, formadas por láminas óseas, extendiéndose a manera de pilares para soportar el peso corporal según donde se encuentren. Entre estas láminas ó seas se encuentran también algunos osteocitos dentro de sus lagunas óseas. \r\n\r\nLa cavidad medular está ocupada por médula ósea la cual puede ser de dos tipos: médula roja que tiene una gran actividad hemopoyética en niños hasta los 5 años; posteriormente esta se trans formará en médula amarilla, ya que el tejido inicial es reemplazado por tejido adiposo otorgándole su color.\r\n\r\nEste tipo de hueso se encuentra en el interior de huesos largos, cortos y planos.','\r',char(13)),'\n',char(10)),64);
INSERT INTO ficha VALUES(39,replace(replace('Osteoclastos. H.E.\r\nEstas células derivan del sistema mononuclear fagocítico, por lo tanto al localizarse en el hueso cumplen la función de la resorción ósea. \r\n\r\nLas características morfológicas fundamentales son: \r\n\r\n- Su gran tamaño, llegando a medir hasta 200 µm.\r\n- Presencia de varios núcleos.\r\n\r\nLos lugares que ocupan estas células se han de-nominado como Lagunas de Howship.','\r',char(13)),'\n',char(10)),65);
INSERT INTO ficha VALUES(40,replace(replace('Osificación en base membranosa. Mascarilla fetal. H.E.\r\nEste tipo de osificación está dirigido a huesos planos. Este proceso requiere la proliferación y diferenciación de las células dentro del tejido mesenquimatoso, transformándose en osteoblastos, los cuales producen la sustancia fundamental y el colágeno tipo I. Esta es la matriz inicial denominada osteoide que a un inicio se presenta como sustancia fundamental no calcificada para transformarse gradualmente en sustancia fundamental calcificada.\r\n\r\nLos osteoblastos que han sido atrapados por su matriz se denominarán osteocitos, que son células encargadas de mantener el tejido óseo recién formado.\r\n\r\nTodo este proceso demanda un buen aporte sanguíneo por lo cual es común hallar numerosos vasos sanguíneos.','\r',char(13)),'\n',char(10)),66);
INSERT INTO ficha VALUES(41,replace(replace('Osificación endocondral. Mano fetal. H.E.\r\nEn esta foto se observa zonas de cartílago de la placa epifisaria don de se reflejan los cambios progresivos que se suceden en el crecimiento endocondral activo del hueso. Si bien estas zonas no están bien delimitadas, se pueden reconocer las siguientes características:\r\n- Zona de reposo llamada también de reserva, está compuesta por cartílago hialino. Se la localiza en los extremos óseos. Permite el crecimiento del hueso en todas las direcciones.\r\n- Zona de hiperplasia o de proliferación, es una zona que sufre constantes mitosis de células cartilaginosas, las cuales se alinean en columnas unidireccionales al eje mayor del cartílago, esta zona demuestran un aumento efectivo de la longitud del cartílago.\r\n- Zona de hipertrofia o de maduración. En esta zona sus células dejan de sufrir mitosis para aumentar su tamaño haciendo al cartílago más voluminoso.\r\n- Zona de calcificación, caracterizada por la impregnación de sales de caldo en la matriz.\r\n- Zona de regresión, representada por células cartilaginosas muertas o en proceso de degeneración. En regiones más profundas se tiene una invasión vascular por capilares en la matriz, la cual quedará por este efecto como barras longitudinales de matriz calcificadas.\r\n- Zona de osificación, está conformada por los osteoblastos, los cuales sustituyen a los condrocitos en sus lagunas, comenzando con el proceso de osteogénesis dando como resultado la formación de trabéculas cuya porción central presenta una matriz calcificada.\r\n- Zona de resorción llamada así por el constante proceso de resorción que sufre esta zona como resultado de la osificación e incremento en longitud y diámetro del hueso, cuyo propósito final es la de compensar y mantener el volumen final del hueso en crecimiento.','\r',char(13)),'\n',char(10)),67);
INSERT INTO ficha VALUES(42,replace(replace('Articulación de codo. H.E.\r\nEs un tipo de articulación sinovial donde los huesos se conservan unidos por cápsulas articula-res las cuales son continuación del periostio.\r\n\r\nEstos cartílagos articulares son de tipo hialino y se encuentran lubricados por líquido sinovial, el cual se encuentra entre el espacio interarticular.','\r',char(13)),'\n',char(10)),68);
INSERT INTO ficha VALUES(43,replace(replace('Músculo estriado esquelético - corte longitudinal. H.E.\r\nA las células del músculo esquelético se las llaman también fibras, estas poseen varios núcleos periférico - y cada una de las fibras largas se disponen paralelas entra sí.\r\n\r\nCada fibra se convierte entonces en la unidad estructural y funcional del músculo esquelético la cual está envuelta por una vaina de fibras reticulares conocidas como el endomisio, varias fibras al reunirse formarán un fascículo estará envuelto por otra vaina, el perimisio; finalmente todo un grupo común de fascículos dará origen a los diferentes tipos musculares que conocemos, estos están rodeados por tejido conectivo denominado epimisio el cual se encuentra entretejido con la fascia muscular correspondiente.\r\n\r\nEl cuerpo celular presenta elementos contráctiles ordena-das de tal manera que se observan como estrías trans-versales. Estas estriaciones presentan discos o bandas que se distinguen como claras y oscuras. Las bandas A son birrefringentes a la luz polarizada por lo tanto son de tipo anisotrópicas, su longitud se mantiene constante durante las contracciones. Las bandas I presentan difracción simple a la luz polarizada por lo cual son de tipo isotrópicas, estas bandas se acortan durante el proceso de la contracción muscular.\r\n\r\nEste tipo de músculo recibe su inervación del sistema nervioso autónomo, vale decir que es voluntario.','\r',char(13)),'\n',char(10)),69);
INSERT INTO ficha VALUES(44,replace(replace('Músculo estriado esquelético - corte transversal. H.E.\r\nPor efecto de este corte se a-precian fibras musculares estriadas con formas poligonales donde se destaca la presencia del núcleo cuya ubicación es periférica. \r\n\r\nCada fibra muscular está envuelta por una vaina de fibras reticulares conocidas como el endomisio, varias fibras al reunirse formarán un fascículo estará envuelto por otra vaina, el perimisio; finalmente todo un grupo común de fascículos dará origen a los diferentes tipos musculares que conocemos, estos están rodeados por tejido conectivo denominado epimisio el cual se encuentra entretejido con la fascia muscular correspondiente.','\r',char(13)),'\n',char(10)),70);
INSERT INTO ficha VALUES(45,replace(replace('Músculo estriado esquelético - corte longitudinal. T. Hematoxilina férrica.\r\nEsta tinción nos brinda una mayor claridad para diferenciar las estrías conocidas como bandas A y bandas I. \r\n\r\nLas bandas A u oscuras son birrefringentes a la luz polarizada por lo cual se las conoce como antisotrópicas, su longitud se mantiene constante durante las contracciones. Las bandas I o claras presentan difracción simple a la luz polarizada por lo cual sin de tipo isotrópicas, estas bandas se acortan durante el proceso de la contracción muscular.','\r',char(13)),'\n',char(10)),71);
INSERT INTO ficha VALUES(46,replace(replace('Músculo estriado esquelético - corte longitudinal. T. Hematoxilina fosfotúngstica.\r\nEl corte longitudinal nos permite apreciar de manera clara la disposición periférica de los núcleos en cada fibra muscular.','\r',char(13)),'\n',char(10)),72);
INSERT INTO ficha VALUES(47,replace(replace('Músculo cardiaco - corte longitudinal. H.E.\r\nEl músculo cardiaco está formado por fibras, las cuales presentan similares características en cuanto a las estría - transversales que encontramos en el músculo esquelético, por lo tanto, se lo puede considerar también como músculo estriado. Sin embargo este músculo posee características propias que lo diferenciarán del músculo esquelético. Estas diferencias son:\r\n\r\n- Discos intercalares, se presentan en forma escalonada y son zonas de especialización de los extremos de cada fibra participando en lo cohesión firme entre fibras musculares, además de transmitir la tensión de las miofibrilla a lo largo del eje de toda una fibra.\r\n\r\n- Núcleos celulares localizados en el centro cada fibra muscular.\r\n- Ramificación de las fibras musculares.\r\n- En cuanto a su función, podemos indicar que este músculo presenta contracciones rítmicas y continuas.\r\n- Sus fibras son de tipo involuntario inervadas por el sistema autónomo, gracias a estas características se determinará la frecuencia cardiaca.\r\n- Cada contracción del músculo cardiaco es potente, constante y de poca fatigabilidad. \r\n\r\nLugares donde encontramos a este tipo de músculo son el miocardio y los vasos sanguíneos principales.','\r',char(13)),'\n',char(10)),73);
INSERT INTO ficha VALUES(48,replace(replace('Músculo cardiaco - corte transversal. H.E.\r\nLas fibras cardiacas, en el corte transversal presentan contornos poligonales y algunas fibras se observan de contorno alargado, posiblemente por corresponder estas, al sitio de ramificación de una fibra. Los núcleos se localizan al centro de cada fibra y cada fibra se encuentra envuelta por una vaina de tejido conectivo reticular denominado endomisio, finalmente este tejido conectivo alberga también a los vasos sanguíneos los cuales son numerosos en este tipo de músculo.','\r',char(13)),'\n',char(10)),74);
INSERT INTO ficha VALUES(49,replace(replace('Músculo cardiaco - corte transversal. T. Hematoxilina fosfotúngstica.\r\nLas fibras cardíacas, en el corte transversal presentan con-tornos poligonales y algunas fibras se observan de contorno alargado, posiblemente por corresponder estas al sitio de ramificación de una fibra. Los núcleos por acción de esta tinción presentan una coloración atenuada con respecto de las fibras cardiacas, donde se resalta claramente la posición central de los núcleos. \r\nCada fibra se encuentra envuelta por una vaina de tejido conectivo reticular denominado endomisio, finalmente este tejido conectivo alberga también a los vasos sanguíneos los cuales son numerosos en este tipo de músculo.','\r',char(13)),'\n',char(10)),75);
INSERT INTO ficha VALUES(50,replace(replace('Músculo liso - Intestino delgado. H.E.\r\nEs llamado también músculo no estriado, cuyas fibras lisas se las pueden encontrar aisladas, pero generalmente se agrupan y esto determina que los límites celulares se presenten difusos a la observación. Las características propias de este tipo muscular son:\r\n\r\n- Sus fibras son pequeñas alargadas y ahusadas o con extremos afilados.\r\n- Estrías transversales ausentes.\r\n- Núcleos únicos y de posición central.\r\n- Uniones celulares a través de nexos.\r\n- Inervación autónoma.\r\n- Contracciones lentas de poca fatigabilidad, involuntarias, rítmicas y tónicas.\r\n\r\nEste tipo de musculatura se la encuentra en casi todos los órganos, vísceras huecas, vasos sanguíneos y el iris.','\r',char(13)),'\n',char(10)),76);
INSERT INTO ficha VALUES(51,replace(replace('Músculo liso — Miometrio H.E.\r\nEs llamado también músculo no estriado, cuyas fibras lisas se las pueden encontrar aisladas, pero generalmente se agrupan y esto determina que los límites celulares se presenten difusos a la observación. Las características propias de este tipo mus-cular son:\r\n\r\n- Sus fibras son pequeñas alargadas y ahusadas o con extremos afilados.\r\n- Estrías transversales ausentes.\r\n- Núcleos únicos y de posición central.\r\n- Uniones celulares a través de nexos.\r\n- Inervación autónoma.\r\n- Contracción lenta de poca fatigabilidad, involuntaria, rítmica y tónica. \r\n\r\nEste tipo de musculatura se la encuentra en casi todos los órganos, vísceras huecas, vasos sanguíneos el iris.','\r',char(13)),'\n',char(10)),77);
INSERT INTO ficha VALUES(52,replace(replace('Cerebro H.E.\r\nEn la corteza cerebral encontramos capas las cuales no presentan límites precisos, sin embargo se las puede reconocer por el tipo celular que las constituyen, estas capas son seis, que de la superficie a la profundidad son:\r\n\r\n- Capa molecular o plexiforme, cual se halla formada por fibras nerviosas, que se originan en las capas más profundas de la corteza y por la neuroglia.\r\n- Capa granular externa, donde se encuentran las células granulosas, que son de aspecto estelar pequeñas y la neuroglia.\r\n- Capa piramidal externa, con células piramidales pequeñas y neuroglia.\r\n- Capa granular interna, conformada por células granulosas pequeñas y la neuroglia. Esta es la capa de mayor densidad celular en la corteza.\r\n- Capa piramidal interna, con células piramidales medianas o grandes y la neuroglia.\r\n- Capa multiforme, es una capa que contiene la neuroglia y células de diferente morfología conocidas como células de Martinotti.\r\n\r\nLa sustancia blanca cerebral se halla conformada por fibras nerviosas que se originan en neuronas de la corteza.','\r',char(13)),'\n',char(10)),78);
INSERT INTO ficha VALUES(53,replace(replace('Cerebelo H.E.\r\nLa corteza cerebelosa al igual que el cerebro se halla conformada por capas con características celu-lares peculiares las cuales son tres, que de la superficie a la profundidad son:\r\n\r\n- La capa molecular superficial que contiene células estelares pequeñas, dendritas de las células de Purkinje, células en canasta y fibras nerviosas no mielinizadas.\r\n- La capa de las células de Purkinje, con células de Purkinje cuya forma es semejante a la de un matraz o frasco, presenta dendritas que se dirigen a la capa molecular y axones que se proyectan hacia la sustancia blanca.\r\n- La capa granulosa, contiene células granulosas pequeñas y sitios donde se realizan sinapsis neuronales denominadas glomérulos cerebelosos.','\r',char(13)),'\n',char(10)),79);
INSERT INTO ficha VALUES(54,replace(replace('Cerebelo - Células de Purkinge.\r\nEstas células se localizan entre las capas molecular y granulosa de la corteza cerebelosa, poseen so-mas que tienen la forma de matraz o frasco. Cada célula emite abundantes dendritas que se dirigen a la capa molecular y un único axón que se dirige a la sustancia blanca.','\r',char(13)),'\n',char(10)),80);
INSERT INTO ficha VALUES(55,replace(replace('Medula espinal H.E.\r\nConstituida por dos partes: la externa que contiene fibras nerviosas ascendentes y descendentes las cuales constituyen la sustancia blanca; la parte interna donde se encuentran cuerpos neuronales que se disponen en grupos conformando la sustancia gris. Esta sustancia gris toma la forma de una H o mariposa cuyas prolongaciones anteriores se conocen como astas ventrales o anteriores en tanto que las prolongaciones posteriores se las denominan astas dorsales o posteriores. Estas astas se hallan unidas por un puente o comisura transversal que contiene al conducto ependimario.\r\n\r\nEstas proyecciones de sustancia gris se hallan divididas en mitades derecha e izquierda por sustancia blanca por surcos denominados según donde se encuentren, surco medio anterior y surco medio posterior.','\r',char(13)),'\n',char(10)),81);
INSERT INTO ficha VALUES(56,replace(replace('Médula espinal - Conducto ependimario. H.E.\r\nEl conducto ependimario se localiza en la comisura transversal de la sustancia gris de la médula espinal, revestido por un epitelio que varía de cilíndrico a cúbico simple que presenta hacia su superficie los procesos ependimarios, cuya función es la de incrementar el flujo del líquido cefalorraquídeo a través de este conducto.','\r',char(13)),'\n',char(10)),82);
INSERT INTO ficha VALUES(57,replace(replace('Meninges H.E.\r\nLas meninges son membranas que rodean al encéfalo, médula espinal y parte de algunas fibras nerviosas especializadas. La membrana que está en contacto directo con estas estructuras es la piamadre, que se halla conformada por tejido conectivo rico en fibroblastos productores de fibras de colágeno y elásticas las cuales contienen abundantes vasos sanguíneos. En la superficie orientada hacia la aracnoides encontramos una capa de células planas, por el otro lado, hacia el tejido nervioso se encuentran las células piales.\r\n\r\nLa aracnoides es la capa intermedia de las meninges la cual es avascular, consta de dos porciones: una en contacto con la duramadre conforma-da por una membrana plana y la otra integrada por células trabeculares aracnoideas que unidas a fibras de colágeno formarán las trabéculas que se localizan en el espacio subaracnoideo, entre la aracnoides y la piamadre.','\r',char(13)),'\n',char(10)),83);
INSERT INTO ficha VALUES(58,replace(replace('Ganglio raquídeo H.E.\r\nLos ganglios raquídeos son cúmulos de neuronas que se encuentran fuera del sistema nervioso central. Estos se localizan como dilataciones fusiformes de las raíces dorsales de la columna espinal. Están rodeados por una cápsula de tejido conectivo, la cual emite trabéculas hacia su interior. Los cuerpos neuronales se ubican hacia la periferia, emitiendo su única prolongación en forma de T, por lo tanto son de tipo pseudounipolares. Las fibras nerviosas de se dirigen a la zona central del ganglio llamada también medular.','\r',char(13)),'\n',char(10)),84);
INSERT INTO ficha VALUES(59,replace(replace('Ganglio raquídeo T. Nitrato uranio de Cajal.\r\nPor la tinción especial, en este tejido, se definen claramente los somas neuronales pseudounipolares cuya única prolongación es en forma de T.','\r',char(13)),'\n',char(10)),85);
INSERT INTO ficha VALUES(60,replace(replace('Nervio periférico — corte transversal. H.E.\r\nLos nervios periféricos son un conglomerado de fibras nerviosas dispuestas en haces o fascículos, revestidos por tejido conectivo que de acuerdo a su distribución tendrán diferentes nombres. \r\n\r\nLa capa más interna de estos revestimientos es el endoneurio, que rodea cada fibra nerviosa individualmente, vale decir el axón de cada neurona.\r\n\r\nEl perineurio se encarga de agrupar y cubrir ha-ces o fascículos de fibras nerviosas.\r\n\r\nFinalmente el epineurio, la capa más externa se encarga de envolver por completo al nervio.','\r',char(13)),'\n',char(10)),86);
INSERT INTO ficha VALUES(61,replace(replace('Nervio periférico - corte longitudinal. H.E.\r\nEn este corte se puede apreciar el epineurio, la capa más externa encargada de envolver por completo al nervio. A través de este viajan las fibras nerviosas o axones.','\r',char(13)),'\n',char(10)),87);
INSERT INTO ficha VALUES(62,replace(replace('Nervio periférico - células de Schwann. H.E.\r\nLas células de Schwann son un tipo de células neurogliales pertenecientes al sistema nervioso periférico, cuya función principal es la de envolver los axones a través de la producción de mielina para su aislamiento, o simplemente envolver varios axones no mielinizados con su citoplasma. \r\n\r\nTienen la forma aplanada y en el caso particular se las encuentra rodeando a cada axón, para producir su mielina. En este caso una célula de Schwann únicamente podrá mielinizar un solo axón, por tal motivo se observan varias de estas células a lo largo del nervio.','\r',char(13)),'\n',char(10)),88);
INSERT INTO ficha VALUES(63,replace(replace('Neuroglia T. Golgi\r\nLa neuroglia, es otro componente celular del tejido nervioso, encargada del sostén y apoyo metabólico de las neuronas. En este caso observamos a un tipo de célula glial: el astrocito fibroso. Este se caracteriza por su forma estrellada, se los localiza sobre todo en la sustancia blanca y presen-tan prolongaciones que pueden estar en contacto con vasos sanguíneos denominándose procesos pediculares. Estas prolongaciones son en menor número pero más largas y menos ramificadas que la de los astrocitos protoplasmáticos.\r\n\r\nLa función principal de los astrocitos es el sostén mecánico para las neuronas, separan las neuronas y sus prolongaciones, regulan la actividad neurona)l por la eliminación de neurotransmisores y actúan como armazón y guía de células nerviosas en el proceso de migración celular durante el desarrollo del sistema nervioso.','\r',char(13)),'\n',char(10)),89);
INSERT INTO ficha VALUES(64,replace(replace('Neuroglia T. Golgi.\r\nLa neuroglía, es otro componente celular del tejido nervioso, encargada del sostén y apoyo metabólico de las neuronas. En este caso observamos a un tipo de célula glial: el astrocito protoplasmático. Este se caracteriza por su forma estrellada, se los localiza sobre todo en la sustancia gris y presentan prolongaciones que pueden estar en con-tacto con vasos sanguíneos denominados procesos pediculares. Estas prolongaciones son en mayor número pero más cortas y ramificadas que la de los astrositos protoplasmáticos.\r\n\r\nLa función principal de los astrositos es la de sostén mecánico para las neuronas, separan las neuronas y sus prolongaciones, regulan la actividad neuronal por la eliminación de neurotransmisores y actúan como armazón y guía de células nerviosas en el proceso de migración celular durante el desarrollo del sistema nervioso.','\r',char(13)),'\n',char(10)),90);
INSERT INTO ficha VALUES(65,replace(replace('Plexo mientérico de Auerbach - células parasimpáticas. H.E.\r\nEste plexo pertenece al sistema nervioso autónomo, invernando la musculatura lisa del tracto esófago-gastrointestinal. Contiene neuronas multipolares de función motora y algunas sensoriales. Las fibras nerviosas son postganglionares.\r\n\r\nTodos estos elementos se hallan separados de las capas de músculo liso por una delgada cápsula de tejido conectivo.','\r',char(13)),'\n',char(10)),91);
INSERT INTO ficha VALUES(66,replace(replace('Frotis de sangre humana. Neutrófilos. T. Wright.\r\nLos neutrófilos son el tipo de leucocitos polimorfonucleares más numerosos en la sangre humana siendo aproximadamente el 60 a 70% del total. Llegan a medir de 9 a 12 µm de diámetro.\r\n\r\nSe caracterizan por su núcleo multilobulado, donde cada lóbulo se halla conectado uno con otro mediante un filamento delgado de cromatina. Los lóbulos de cada célula aumentarán con la edad. Solo en el sexo femenino se presenta un apéndice pequeño en el núcleo de algunos neutrófilos, conocido como el cuerpo de Barr o cromosoma sexual.\r\n\r\nTienden a incrementar en infecciones bacterianas agudas, hemorragias agudas e intoxicaciones por plomo.','\r',char(13)),'\n',char(10)),92);
INSERT INTO ficha VALUES(67,replace(replace('Frotis de sangre humana. Eosinófilo. T. Wright.\r\nLos eosinófilos son otro tipo de polimorfonucleares, constituyen el 4% de la población de leucocitos. Son algo más grandes que los neutrófilos con 10 a 14 µm de diámetro.\r\n\r\nSu forma es redondeada, se caracterizan por su núcleo bilobulado, donde raras veces se presentan hasta tres lóbulos, cada lóbulo está conectado con otro mediante un filamento delgado de cromatina. Los gránulos específicos son notables en el citoplasma celular.\r\n\r\nTienden a incrementar en infestaciones parasitarias, respuestas alérgicas y según algunos autores en la degradación de coágulos sanguíneos antiguos.','\r',char(13)),'\n',char(10)),93);
INSERT INTO ficha VALUES(68,replace(replace('Frotis de sangre humana. Basófilo, eosinófilo T. Wright.\r\nLos eosinófilos constituyen el 4% de la población de leucocitos. Son más grandes que los neutrófilos con 10 a 14 µm de diámetro. Se caracterizan por su núcleo bilobulado donde raras ve ces se presentan hasta tres lóbulos, cada lóbulo está conectado con otro mediante un filamento delgado de cromatina. Los gránulos específicos son notables en el citoplasma celular.\r\n\r\nTienden a incrementar en infestaciones parasitarias, respuestas alérgicas y según algunos autores en la degradación de coágulos sanguíneos antiguos.\r\n\r\nLos basófilos constituyen menos del 1% de la población de leucocitos. Miden de 8 a 10 µm de diámetro. Su forma es redondeada, poseen un núcleo en forma de S el cual se encuentra generalmente oculto por los densos y grandes gránulos que se agrupan en su citoplasma.\r\n\r\nIncrementan su número en la hipersensibilidad re-tardada, respuestas alérgicas e inflamatorias, liberando el factor quimiotáctico de los eosinófilos y en la enfermedad de Hodgkin.','\r',char(13)),'\n',char(10)),94);
INSERT INTO ficha VALUES(69,replace(replace('Frotis de sangre humana. Monocito. T. Wright.\r\nLos monocitos constituyen el 3 a 8% de la población de leucocitos. Representan el tipo celular más grande entre los leucocitos. Miden de 12 a 15 µm de diámetro. Poseen un núcleo gran-de con forma de riñón.\r\n\r\nAl pertenecer, los macrófagos, al sistema mononuclear fagocítico, intervienen fagocitando células muertas tanto de la economía propia como de bacterias y partículas extrañas al cuerpo. Participan también modulando la inflamación y presentan los antígenos como epítopos a los linfocitos T.','\r',char(13)),'\n',char(10)),95);
INSERT INTO ficha VALUES(70,replace(replace('Frotis de sangre humana. Linfocitos. T. Wright.\r\nLos linfocitos pertenecen a la serie agranulocítica y constituyen el 20 a 35% de la población de leucocitos, siendo de esta manera la segunda población más grande. Miden de 8um de diámetro los más pequeños hasta 18 µm de diámetro los más grandes. Son células redondeadas con un núcleo denso excéntrico. Por contener gránulos azurófilos en su citoplasma se tiñen azulados Los linfocitos participan en la inmunidad humoral y mediada por células.\r\n\r\nLas plaquetas no son células en realidad, sino fragmentos protoplasmáticos que derivan de los megacariocitos, que son células gigantes precursoras de la médula ósea.\r\n\r\nLas plaquetas son denominadas también trombocitos, miden de 2 a 4 µm y su número es variable entre 250.000 a 400.000 por mm3 de sangre. Su forma es redondeada u oval, su perfil se asemeja a bastoncillos y carecen por completo de núcleo. Participan en el taponamiento de tejidos lesiona-dos, la coagulación sanguínea, reparación de los vasos sanguíneos lesionados, además de la retracción y eliminación de coágulos.','\r',char(13)),'\n',char(10)),96);
INSERT INTO ficha VALUES(71,replace(replace('Reticulocitos T. Azul nuevo de metileno.\r\nLos reticulocitos son una etapa del desarrollo del hemocitoblasto, cuya meta es llegar a conformar el eritrocito maduro. Es así que el hemocitoblasto pasa por las etapas de proeritroblasto, eritroblasto basófilo, eritroblasto policromatófilo, normoblasto, reticulocito y finalmente eritrocito. Su número normal en sangre periférica es menos del 1%, de los eritrocitos. Su tamaño alcanza los 7 a 8 µm de diámetro. Su forma es redondeada y carecen de núcleo sin embargo en el citoplasma se observa, posterior a la tinción, un retículo azulado que pertenece a la ribonucleoproteína que todavía mantiene esta célula en desarrollo. Al cabo de 1 a 2 días, esta célula eliminará totalmente los ribosomas y sus proteínas para convertirse en eritrocito maduro.\r\n\r\nLa reticulocitosis es el aumento y proliferación de eritrocitos desde la médula ósea, esto nos indica una notable actividad de la eritropoyesis determinado mediante valores por encima del 1% de reticulocitos en sangre periférica.','\r',char(13)),'\n',char(10)),97);
INSERT INTO ficha VALUES(72,replace(replace('Hígado fetal. Hematopoyesis extramedular. H.E.\r\nEl hígado fetal es uno de los lugares principales en formar sangre hacia el tercer mes de vida intrauterina, por ello es que se encuentran entre el tejido hepático fetal muchas células pertenecientes al tejido sanguíneo, como ser eritrocitos en proceso de maduración y algunos megacariocitos que son células gigantes que derivan del hemocitoblasto, las cuales emiten prolongaciones citoplasmáticas que al desprenderse darán lugar a la formación de plaquetas.','\r',char(13)),'\n',char(10)),99);
INSERT INTO ficha VALUES(73,replace(replace('Sangre de batracio. T. Giemsa.\r\nEn la foto se observan varios eritrocitos los cuales son de forma ovalada que además presentan un núcleo ovoideo, lo cual responde a la capacidad anfibia de estos batracios.','\r',char(13)),'\n',char(10)),100);
INSERT INTO ficha VALUES(74,'***SIN INFORMACION EN SISTEMA ORIGINAL***',98);
INSERT INTO ficha VALUES(75,replace(replace('Corazón H.E.\r\nEl corazón se constituye en una estructura especializada del sistema vascular que mediante con-tracciones rítmicas musculares del miocardio, bombea sangre a través de los vasos sanguíneos. El miocardio se halla constituido por fibras muscula res estriadas cardiacas que en este corte transversal presentan contornos poligonales con núcleos de posición central.','\r',char(13)),'\n',char(10)),101);
INSERT INTO ficha VALUES(76,replace(replace('Pericardio, miocardio. T. Hematoxilina fosfotúngstica.\r\nEl pericardio que se observa en la foto pertenece al pericardio visceral que es una membrana serosa constituida por una capa de células mesoteliales. Inmediatamente por debajo de estas, es común encontrar tejido conectivo submesotelial que alberga una capa gruesa de tejido conectivo adiposo. Bajo este encontramos al miocardio que se halla constituido por fibras musculares estriadas cardiacas que tiene por función contraerse rítmicamente para el bombeo de sangre a través de los vasos sanguíneos.','\r',char(13)),'\n',char(10)),102);
INSERT INTO ficha VALUES(77,replace(replace('Endocardio. H.E.\r\nEl endocardio puede ser tomado como capa íntima de los vasos sanguíneos, por lo tanto se halla formado por células endoteliales o endoteliocitos que posteriormente se continuarán con el endotelio de los vasos sanguíneos. Por debajo de este se encuentra el subendotelio, conformado por tejido conectivo denso, vasos sanguíneos, y al sistema de transmisión de impulsos nerviosos.','\r',char(13)),'\n',char(10)),103);
INSERT INTO ficha VALUES(78,replace(replace('Arteria elástica. T. Orceína.\r\nLas arterias elásticas tienen como característica el diámetro mayor a 10 mm, se incluyen la aorta, el tronco pulmonar y sus arterias principales, arteria carótida, la arteria subclavia y las arterias coronarias. En esta arteria se definen claramente las túnicas que de adentro hacia fuera son:\r\n\r\nLa túnica íntima, constituida por una capa de células endoteliales, de morfología poligonal que descansan sobre la lámina basal y el estrato sub-endotelial que se halla inmediatamente por debajo de ella, donde se puede observar tejido conectivo laxo y la membrana elástica interna.\r\n\r\nLa túnica media formada por hasta 50 membranas elásticas que contienen en su interior células musculares lisas y abundantes fibras de colágeno elásticas.\r\n\r\nLa túnica adventicia como se muestra en la foto es notablemente delgada y está conformada por la lámina elástica externa poco definida al igual que la lámina elástica interna; presenta también tejido conectivo donde transcurren vasa vasorum.','\r',char(13)),'\n',char(10)),104);
INSERT INTO ficha VALUES(79,replace(replace('Aorta. H.E.\r\nLa aorta es la arteria de mayor calibre dentro de las arterias de tipo elástico. Sus estructuras de a-dentro hacia fuera son:\r\n\r\nLa túnica íntima constituida por una capa de células endoteliales, de morfología poligonal que descansan sobre la lámina basal y el estrato sub-endotelial que se encuentra inmediatamente por debajo de ella, donde se puede observar tejido conectivo laxo y la membrana elástica interna.\r\n\r\nLa túnica media formada por hasta 50 membranas elásticas que contienen en su interior células musculares lisas y abundantes fibras de colágeno elásticas.\r\n\r\nLa túnica adventicia como se muestra en la foto es notablemente delgada y está conformada por la lámina elástica externa poco definida al igual que la lámina elástica interna; presenta también tejido conectivo donde transcurren vasa vasorum.','\r',char(13)),'\n',char(10)),105);
INSERT INTO ficha VALUES(80,replace(replace('Arteria muscular. H.E.\r\nDentro de esta clasificación entran todas las arterias del cuerpo humano que tengan un tamaño de 0.1 a 10 mm de diámetro. Se reconocen las siguientes estructuras:\r\n\r\nLa túnica íntima constituida por una capa de células endoteliales aplanadas que descansan directamente sobre la membrana elástica interna la cual, a diferencia de las arterias elásticas, se encuentra bien desarrollada.\r\n\r\nLa túnica media formada por más de 10 capas de células musculares lisas, entre las cuales transcurren fibras de colágeno elásticas.\r\n\r\nLa túnica adventicia es gruesa y se compone de la membrana elástica externa menos definida que la lámina elástica interna, sin embargo esta se encuentra bien desarrollada; presenta también abundante tejido conectivo fibroso donde transcurren vasa vasorum.\r\n\r\nUna forma de reconocer y diferenciar las arterias muscula res de las venas de mediano calibre es el detalle que presenta la túnica íntima de las arterias, la cual posterior a la muerte marca una contracción de la musculatura lisa de su túnica media, traduciendo un borde ondulado en el endotelio y pliegues longitudinales en la lámina elástica interna.','\r',char(13)),'\n',char(10)),106);
INSERT INTO ficha VALUES(81,replace(replace('Arteria muscular. T. Orceína.\r\nEsta tinción permite un mejor reconocimiento de las estructuras de la arteria muscular, la cual presenta:\r\n\r\nLa túnica íntima constituida por una capa de células endoteliales aplanadas que descansan directamente sobre la membrana elástica interna la cual, a diferencia de las arterias elásticas, se encuentra bien desarrollada.\r\n\r\nLa túnica media formada por más de 10 capas de células musculares lisas, entre las cuales transcurren fibras de colágeno elásticas.\r\n\r\nLa túnica adventicia es gruesa y se compone de la membrana elástica externa menos definida que la lámina elástica interna, sin embargo esta bien desarrollada; presenta también abundante tejido conectivo fibroso donde transcurren vasa vasorum.\r\n\r\nUna forma de reconocer y diferenciar las arterias musculares de las venas de mediano calibre es el detalle que presenta la túnica íntima de las arterias, la cual posterior a la muerte marca una contracción de la musculatura lisa de su túnica media, traduciendo un borde ondulado en el endotelio y pliegues longitudinales en la lámina elástica interna.','\r',char(13)),'\n',char(10)),107);
INSERT INTO ficha VALUES(82,replace(replace('Vena. H.E.\r\nLas venas por lo general acompañan a una arteria determinada en relación de 2 a 1 y presentan características propias como ser mayor diámetro y paredes más delga-das. Por sus estructuras histológicas se describe: \r\n\r\nLa túnica íntima constituida por una capa de células endoteliales aplanadas que descansan directamente sobre tejido conectivo subendotelial el cual no se encuentra bien definido, pudiendo llegar a faltar en vasos de pequeño calibre.\r\n\r\nLa túnica media con solo 3 a 4 capas de células musculares lisas, esta túnica se encuentra poco desarrollada a diferencia de las arterias.\r\n\r\nLa túnica adventicia compuesto de tejido conectivo la-xo. Es la túnica de mayor tamaño dentro de las venas.\r\n\r\nUna forma de reconocer y diferenciar las venas de las arterias es el detalle que presenta la luz venosa, la cual puede contener eritrocitos en su interior, ya que teniendo una muscular poco desarrollada, las venas no logran con-traer adecuadamente sus paredes dejando atrapados usualmente cúmulos de eritrocitos circulantes. Además el borde del endotelio no presenta ondulaciones como lo ha-ce las arterias de similar calibre.','\r',char(13)),'\n',char(10)),108);
INSERT INTO ficha VALUES(83,replace(replace('Capilares sinusoides en hígado. H.E.\r\nLos sinusoides son capilares de aspecto sinuoso o torcido, ya que estos no tienen la forma cilíndrica clásica de los otros vasos sanguíneos, sino se han adaptado al órgano en el cual se encuentran, distribuyéndose en el caso particular, entre espacios de los cordones de hepatocitos.\r\n\r\nLos sinusoides se componen de un endotelio que presenta agujeros citoplasmáticos a manera de poros, los cuales descansan sobre una lámina basal incompleta que en algunos trayectos suele estar ausente.','\r',char(13)),'\n',char(10)),109);
INSERT INTO ficha VALUES(84,replace(replace('Hipófisis H.E.\r\nLa hipófisis llamada también glándula pituitaria, es una de las glándulas endocrinas más complejas. Consta de dos porciones:\r\n\r\nLa adenohipófisis que es la porción glandular, que se desarrolla a partir de la bolsa de Rathke, la cual la divide por su luz residual en:\r\n\r\n- Pars distalis.\r\n- Pars tuberalis.\r\n- Pars intermedia.\r\n\r\nLa neurohipófisis o porción nerviosa de constitución fibrosa se divide también en tres partes:\r\n\r\n- Pars nervosa.\r\n- Tallo infundibular.\r\n- Eminencia media.','\r',char(13)),'\n',char(10)),110);
INSERT INTO ficha VALUES(85,replace(replace('Porción distal de hipófisis H.E.\r\nLa porción distal de la hipófisis es uno de los tres componentes de la adenohipófisis. Su parénquima está formado por dos tipos principales de células: \r\n\r\n1. Las células cromófilas tienen una afinidad notable a la lindón se subdividen a su vez en células acidófilas y células basófilas. Dentro de las acidófilas se enmarcan los siguientes tipos celulares de acuerdo a su función secretora: Somatótropas, que secretan la so-matotropina (STH) para el crecimiento corporal. Las mamótropas, que secretan la prolactina para el desarrollo de la glándula mamaria y la lactancia. Todas estas células poseen un diámetro menor que las células basófilas, normalmente se tiñen con facilidad y se las puede observar por efecto de la Unción H.E. de color rosado intenso. Las células basófilas son de diámetro mayor que las acidófilas, con gránulos intracitoplasmáticos que están en menor cantidad que las acidófilas y no se tiñen fácilmente, se las puede reconocer por su coloración violeta clara. Dentro de este grupo se encuentra los siguientes tipos celulares: las gonadótropas, productoras de la FSH y LH; la FSH en la mujer estimula el crecimiento de los folículos ováricos y en el varón estimula la espermatogénesis, la LH en la mujer estimula a la ovulación y el mantenimiento del cuerpo lúteo, en el varón ayuda a la liberación de andrógenos. Finalmente las células corticotropas que secretan la ACTH que favorece la secreción de glucocorticoides por la glándula suprarrenal.\r\n\r\n2. Las células cromófobas, como su nombre lo indica tienen es-casa afinidad tintorial y se sabe actualmente que estas pertenecen al grupo de células acidófilas o basófilas en estadío inactivo, por lo tanto se las puede observar con un tenue tinte acidófilo o basófilo.','\r',char(13)),'\n',char(10)),111);
INSERT INTO ficha VALUES(86,replace(replace('Pars Nerviosa H.E.\r\nPor la pars nerviosa atraviesan fibras nerviosas amielínicas que constituyen su mayor superficie. Entre estas fibras se pueden encontrar células típicas de la nuerohipófisis, los pituicitos que son células pequeñas con prolongaciones que se dirigen hacia los vasos sanguíneos, estas células tienen una actividad similar a la neuroglía, otorgando el sostén a las fibras nerviosas.\r\n\r\nOtra particularidad de esta porción son los cuerpos de Herring que son pequeños cuerpos irregulares que se tiñen intensamente, los cuales no son nada más que cúmulos de material secretorio en el axoplasma de las fibras nerviosas que se presentan a lo largo de cada fibra.','\r',char(13)),'\n',char(10)),112);
INSERT INTO ficha VALUES(87,replace(replace('Pars Intermedia H.E.\r\nPoco desarrollada en el ser humano, se contituye como el 2% de la masa total de la hipófisis que va desapareciendo a partir del nacimiento.\r\n\r\nContiene en su interior vestigios de la bolsa de Rathke, los cuales se observan como vesículas o pseudofolículos que presentan en su interior coloide, que aparentemente no tienen función alguna. Se puede encontrar también algunas células similares a las cromófobas por su escasa afinidad tintorial, dentro de estas tenemos algunas semejantes a las basófilas de la pars anterior. Se sabe que estas células secretan la hormona estimulante de los melanocitos MSH en la vida fetal humana y en animales como los anfibios, peces y otros.','\r',char(13)),'\n',char(10)),113);
INSERT INTO ficha VALUES(88,replace(replace('Tiroides. H.E.\r\nEsta glándula posee dos lóbulos, derecho e izquierdo, revestidos por una cápsula de tejido conectivo la cual se extiende a su interior a manera de septos o tabiques formando así los lobulillos.\r\n\r\nDentro de cada lobulillo se encuentran los folículos que se constituyen como unidad estructural y funcional de la glándula, estos varían en tamaño y forma, se encuentran limitados por el epitelio folicular el cual varía de cúbico a plano simple de cuerdo a su funcionalidad; contienen en su interior una masa homogénea: el coloide, que es producto de secreción de las células foliculares.','\r',char(13)),'\n',char(10)),114);
INSERT INTO ficha VALUES(89,replace(replace('Tiroides. van Gieson.\r\nEsta glándula posee dos lóbulos, derecho e izquierdo, revestidos por una cápsula de tejido conectivo la cual se extiende a su interior a manera de septos o tabiques formando así los lobulillos. Dentro de cada lobulillo se encuentran los folículos que se constituyen como unidad estructural y funcional de la glándula. Estos varían en tamaño y forma y se encuentran limitados por el epitelio folicular el cual varía de cúbico a plano simple de acuerdo a su funcionalidad; contienen en su interior una masa homogénea: el coloide, que es producto de secreción de las células foliculares.\r\n\r\nDentro del epitelio folicular encontramos dos tipos de células:\r\n\r\nLas células principales, secretoras de las hormonas tiroideas T3 y T4, las cuales regulan el metabolismo basal, el crecimiento y desarrollo del cuerpo. Las células parafoliculares, secretoras de la hormona tirocalcitonina, disminuyen la concentración del calcio en sangre periférica, además de inhibir a los osteoclastos en la resorción ósea.','\r',char(13)),'\n',char(10)),115);
INSERT INTO ficha VALUES(90,replace(replace('Paratiroides. H.E.\r\nLas paratiroides, en número de cuatro, están rodeadas por una cápsula de tejido conectivo la cual las adhiere por su cara posterior a la glándula tiroides. Esta cápsula se extiende a manera de septos dividiendo a la glándula en lobulillos.\r\n\r\nEl parénquima está conformado por cordones celulares separados por los septos lobulillares entre los cuales es posible encontrar algunas células adiposas.','\r',char(13)),'\n',char(10)),116);
INSERT INTO ficha VALUES(91,replace(replace('Paratiroides. H.E.\r\nEl parénquima paratiroideo se halla conformado por cordones celulares donde se distinguen:\r\n\r\nLas células principales, abundantes dentro el parénquima, miden de 7 a 10 µm de diámetro, presentan un citoplasma escaso y un núcleo esférico, ambos de coloración acidófila y pálida. Estas se encargan de la secreción de la parathormona la cual eleva las concentraciones del calcio en sangre periférica mediante la estimulación de los osteoclastos para la resorción ósea, además el otro mecanismo se refiere a la resorción de calcio por los riñones. \r\n\r\nLas células oxífilas, en menor cantidad, miden de 7 a 10 µm de diámetro, son más grandes que las principales. Aparecen de manera dispersa y su número se incrementa con la edad, tiene un amplio citoplasma contrastado con un núcleo pequeño, de tinción basófila. Estas células carecen de función y actualmente se sabe que son un estado degenerativo de las células principales.','\r',char(13)),'\n',char(10)),117);
INSERT INTO ficha VALUES(92,replace(replace('Glándula suprarrenal H.E.\r\nSe halla formada por dos componentes de acuerdo a su función y estructura: la corteza y la médula. La corteza se desarrolla a partir de del mesodermo, mientras que la médula a partir del ectodermo.\r\n\r\nLa corteza a su vez se divide en tres partes que de su exterior a su interior son: la zona glomerular, la zona fasciculada y la zona reticular. Cada zona representa no solo una población celular con características propias, sino también una especialización funcional.\r\n\r\nEn cuanto a su irrigación tenemos que la red arteriosa que transcurre a través de la corteza hacia la médula por los tabiques de tejido conectivo. Las venas se hallan ausentes en la corteza, es así que estas corren únicamente por la médula, confluyen-do todas en una gran vena central que saldrá por el hilio como la vena suprarrenal.','\r',char(13)),'\n',char(10)),118);
INSERT INTO ficha VALUES(93,replace(replace('Glándula suprarrenal. T. van Gieson.\r\nEn esta fotografía se observa la médula suprarrenal, la cual no posee límites precisos. Se encuentra conformada por cordones celulares, abundantes capilares y vénulas. Las células reciben el nombre de cromafines por la reacción con la tinción de bicromato de potasio, gracias a la presencia de las catecolaminas adrenalina y noradrenalina; cumplen con funciones como el aumento del consumo de oxígeno y la movilización de glucosa, elevando de esta manera el ritmo cardiaco más la presión arterial, respectivamente.\r\n\r\nLas venas se hallan ausentes en la corteza, es así que estas corren únicamente por la médula, con-fluyendo todas en una gran vena central que saldrá por el hilio como la vena suprarrenal.','\r',char(13)),'\n',char(10)),119);
INSERT INTO ficha VALUES(94,replace(replace('Corteza suprarrenal. H.E.\r\nLa corteza se divide en tres partes que de su exterior a su interior son: la zona glomerular, la zona fasciculada y la zona reticular. Cada zona representa no solo una población celular con características propias, sino también una especialización funcional. \r\n\r\nLa zona glomerular se localiza por debajo de la cápsula que reviste a la glándula, contiene células de morfología piramidal o cilíndricas dispuestas en grupos redondea-dos. Su citoplasma es eosinófilo, mientras que su núcleo es basófilo. Estas células se encargan de secretar mineralocorticoides a predominio de la aldosterona cuya función es la de retención del sodio por los túbulos renales.\r\n\r\nLa zona fasciculada, se presenta como la capa más gruesa de la glándula, contiene en su espesor columnas de células cuya orientación es radial hacia la médula. Es-tas células son cúbicas o poliédricas, que en su interior tiene vacuolas llenas de lípido, los cuales son eliminados por efecto de la preparación histológica, quedando con un aspecto esponjoso, por lo cual se las ha denominado espongiocitos o células glandulares. Estas secretan los corticoides, principalmente el cortisol que estimula el metabolismo de los hidratos de carbono además de cumplir con la supresión de respuestas inflamatorias e inmunológicas.','\r',char(13)),'\n',char(10)),120);
INSERT INTO ficha VALUES(95,replace(replace('Glándula pineal. H.E.\r\nLa glándula pineal o epífisis se desarrolla a partir del neuroectodermo, por ello su semejanza con el tejido nervioso. Está recubierta por una cápsula de tejido conectivo que emite septos dentro el parénquima glandular dividiéndola en lobulillos. El parénquima se halla conformado por dos tipos celulares:\r\n\r\nLos pinealocitos que son el grupo celular predominante dentro su parénquima. Estas células poseen prolongaciones las cuales son difícilmente visibles al microscopio óptico, se encargan de la secreción de melatonina, hormona que interviene en el ciclo reproductor animal, lo cual no ha sido comprobado aún en el hombre.\r\n\r\nLas células gliales que se encargan del sostén celular y de fibras en la glándula pineal. Presentan núcleos más pequeños que se tiñen con mayor intensidad.\r\n\r\nLos acérvulos o arenilla cerebral son depósitos o concreciones de calcio características de la glándula pineal, las cuales aumentan con la edad.','\r',char(13)),'\n',char(10)),121);
INSERT INTO ficha VALUES(96,replace(replace('Glándula pineal. T. Mallory.\r\nPresenta un parénquima que se halla conformado por dos tipos celulares:\r\n\r\nLos pinealocitos que son el grupo celular predominante dentro su parénquima. Estas células poseen prolongaciones las cuales son difícilmente visibles al microscopio óptico, se encargan de la secreción de melatonina, hormona que interviene en el ciclo reproductor animal, lo cual no ha sido comprobado aún en el hombre.\r\n\r\nLas células gliales que se encargan del sostén celular y de fibras nerviosas en la glándula pineal. Presentan núcleos más pequeños que se tiñen con mayor intensidad.\r\n\r\nLos acérvulos o arenilla cerebral son depósitos o concreciones de calcio características de la glándula pineal, las cuales aumentan con la edad.','\r',char(13)),'\n',char(10)),122);
INSERT INTO ficha VALUES(97,replace(replace('Ganglio linfático. H.E.\r\nLos ganglios linfáticos se encuentran localizados en el trayecto de los vasos linfoides y tienen la forma de un frijol ya que presentan una cara cóncava y otra convexa. Su estructura comprende de una cápsula de tejido conectivo denso que envuelve y emite trabéculas al interior del ganglio. El seno subcapsular se localiza por debajo de la cápsula, y es el encargado de recolectar la linfa de los vasos linfáticos aferentes.\r\n\r\nLuego de estas estructuras encontramos a la corteza que contiene los folículos linfoides que son lugares de maduración y especialización de los linfocitos. Subyacente a esta encontramos la paracorteza o corteza profunda caracterizada por una masa densa de linfocitos formando el tejido linfoide difuso. La corteza da lugar al hilio en su cara cóncava, la cual es el sitio por donde transcurren los vasos sanguíneos aferentes y eferentes, más los vasos linfáticos eferentes.\r\n\r\nPor debajo de la corteza se encuentra la médula que está conformada por cordones de tejido linfático o cordones medulares separados unos de otros por los senos medula-es, encargados de la circulación de linfa filtrada en los senos trabeculares de la corteza.','\r',char(13)),'\n',char(10)),123);
INSERT INTO ficha VALUES(98,replace(replace('Timo. H.E.\r\nEl timo se halla solventado por un estroma reticular, formado por células reticuloepiteliales, donde se depositan los linfocitos, estos son elementos que conforman al timo.\r\n\r\nPor fuera encontramos una cápsula de tejido conectivo la cual subdivide al timo en lobulillos a través de trabé-culas discontinuas lo cual permite el contacto directo entre lobulillos. Cada uno de estos presentan una corteza ricas en linfocitos que por su ubicación se los han denominado como timocitos que se agrupan en cúmulos densos. A diferencia de la médula, de ubicación central, también alberga timocitos, pero en menor cantidad por lo cual las células reticuloepiteliales se hacen más visibles. Otro elemento que contiene la médula son los corpúsculos de Hassall, de forma ovoidea, que no son nada más capas concéntricas de células reticuloepiteliales aplanadas, las cuales carecen de funcionalidad.\r\n\r\nLa función principal de este órgano linfoide es la proliferación de linfocitos jóvenes y también forma parte del lugar de muerte linfocitaria.','\r',char(13)),'\n',char(10)),124);
INSERT INTO ficha VALUES(99,replace(replace('Timo. H.E.\r\nSe halla solventado por un estroma reticular, formado por las células reticuloepiteliales, donde se depositan linfocitos, estos elementos conforman al timo como tal.\r\n\r\nPor fuera encontramos una cápsula de tejido conectivo la cual subdivide al timo en lobulillos a través de trabé-culas discontinuas lo cual permite el contacto directo entre lobulillos. Cada uno de estos presentan una corteza rica en linfocitos que por su ubicación se los han denominado como timocitos que se agrupan en cúmulos densos. A diferencia de la médula, de ubicación central, también alberga timocitos, pero en menor cantidad por lo cual las células reticuloepiteliales se hacen más visibles. Otro elemento que contiene la médula son los corpúsculos de Hassall, de forma ovoidea, que no son nada más capas concéntricas de células reticuloepiteliales aplanadas, las cuales carecen de funcionalidad. \r\n\r\nLa función principal de este órgano linfoide es la de proliferación de linfocitos T y también forma parte del lugar de muerte linfocitaria.','\r',char(13)),'\n',char(10)),125);
INSERT INTO ficha VALUES(100,replace(replace('Bazo. H.E.\r\nOtro órgano linfoide encapsulado, que emite trabéculas al interior del parénquima esplénico. Se compone de la pulpa roja y la pulpa blanca.\r\n\r\nLa pulpa roja representa el mayor porcentaje del tejido esplénico y debe su color a la gran cantidad de eritrocitos en su estroma.\r\n\r\nPor contraposición la pulpa blanca toma ese color debido a su gran contenido linfocitario; esta porción de tejido linfático tiene una característica única que lo diferencia de un simple folículo linfoide, esta es en efecto las arteriolas centrales, las cuales son envueltas por la pulpa blanca. Este tejido linfático al rodear estas arteriolas, conforman la vaina linfática periarterial.\r\n\r\nEntre las funciones del bazo podemos citar el almacenamiento y fagocitosis tanto de eritrocitos como de plaquetas; almacenamiento de linfocitos B y T; mielopoyesis extramedular bajo condiciones de estrés.','\r',char(13)),'\n',char(10)),126);
INSERT INTO ficha VALUES(101,replace(replace('Bazo. T. van Gieson.\r\nEn este mayor aumento se aprecia la pulpa roja donde se distinguen dos elementos: los cordones esplénicos de Billroth y entre estos los sinusoides esplénicos. \r\nLa pulpa blanca representando al tejido linfático contiene arteriolas centrales, las cuales al ser envueltas por tejido linfático forman la vaina linfática periarterial.','\r',char(13)),'\n',char(10)),127);
INSERT INTO ficha VALUES(102,replace(replace('Amígdala palatina. H.E.\r\nLas amígdalas palatinas son cúmulos de tejido linfático localizadas en la membrana mucosa de las fauces vale decir entre la orofaringe y la cavidad oral. Este tejido linfoide se caracteriza por ciertas características propias como ser:\r\n\r\n- Poseen una cápsula de tejido conectivo denso que emite tabiques hacia el interior.\r\n- Está cubierta en su superficie por epitelio plano estratificado el cual sufre invaginaciones.\r\n- Presenta 10 a 20 criptas amigdalinas producto de las invaginaciones.\r\n- En las paredes de las criptas se localizan los folículos linfoides compuestos por una zona externa periférica conocida como corteza y una zona central clara conocida como centro germinal, razón por la cual este folículo será secundario.\r\n\r\nLa función es la de defensa del organismo frente a microorganismos patógenos, ya que poseen una capacidad fagocítica y linfopoyética.','\r',char(13)),'\n',char(10)),128);
INSERT INTO ficha VALUES(103,replace(replace('Amígdala faríngea. H.E.\r\nLa amígdala faríngea es un cúmulo de tejido linfático localizada en la pared media posterior de la nasofaringe. Se reconocen en ella las siguientes características propias: \r\n\r\n- Presenta una cápsula muy delgada de tejido conectivo.\r\n- Está cubierta en su superficie por epitelio pseudoestratificado ciliado conocido también como respiratorio.\r\n- El epitelio se halla plegado y no forma criptas.\r\n- Por debajo de los pliegues se encuentran los folículos linfoides.\r\n\r\nLa función es la de defensa del organismo frente a microorganismos patógenos, ya que poseen una capacidad fagocítica y linfopoyética.','\r',char(13)),'\n',char(10)),129);
INSERT INTO ficha VALUES(104,replace(replace('Apéndice cecal. H.E.\r\nPresenta estructuras similares al intestino delgado, como ser la mucosa, la lámina propia, la submucosa, la muscular y la serosa. De todas estas la más importante desde el punto de vista inmunológico es la lámina propia, donde se localizan casi en todo su espesor los folículos linfoides, de contenido linfoide difuso.\r\n\r\nLa cantidad de estos folículos linfoides depende de infecciones gastrointestinales repetidas sean estas crónicas o agudas.','\r',char(13)),'\n',char(10)),130);
INSERT INTO ficha VALUES(105,replace(replace('Apéndice cecal. T. van Gieson.\r\nPresenta estructuras similares al intestino delgado, como ser la mucosa, la lámina propia, la submucosa, la muscular y la serosa. De todas estas la más importante desde el punto de vista inmunológico es la lámina propia, donde se localizan casi en todo su espesor los folículos linfoides, de contenido linfoide difuso.\r\n\r\nLa cantidad de estos folículos linfoides depende de infecciones gastrointestinales repetidas sean estas crónicas o agudas.','\r',char(13)),'\n',char(10)),131);
INSERT INTO ficha VALUES(106,replace(replace('Piel delgada. H.E.\r\nLa piel delgada se halla cubriendo casi todo el cuerpo excepto las palmas de las manos y las plantas de los pies. El espesor a nivel de todas sus capas, son delgadas llegando a suprimirse algunas de ellas. Está formada por estructuras de:\r\n\r\nLa epidermis, compuesta por un epitelio de tipo plano estratifica-do queratinizado, el cual está conformado por los siguientes estratos:\r\n\r\n- Un estrato córneo donde se encuentran células queratinizadas aplanadas y muertas sin núcleo.\r\n- Un estrato granuloso que contiene queratinocitos con abundantes gránulos de queratohialina en su citoplasma y conservan aún sus núcleos.\r\n- Un estrato espinoso delgado, cuyas células poseen tonofilamentos y gránulos. Sus células son conocidas también como células espinosas.\r\n- Un estrato germinativo o basal de forma cúbica o cilíndrica baja de gran actividad mitótica.\r\n\r\nNótese que en la piel delgada se halla ausente el estrato lúcido.\r\n\r\nLa dermis compuesta por dos segmentos: uno superficial llamado dermis papilar compuesto de tejido conectivo laxo cuyas fibras de colágena son de tipo III, otro profundao conocido como dermis reticular compuesto de tejido conectivo denso irregular con fibras de colágena tipo I y fibras elásticas. En esta porción de la dermis se pueden localizar glándulas de tipo sudoríparas y/o sebáceas más los folículos pilosos.','\r',char(13)),'\n',char(10)),132);
INSERT INTO ficha VALUES(107,replace(replace('Piel delgada. H.E.\r\nLa piel delgada se halla cubriendo casi todo el cuerpo excepto las palmas de las manos y las plantas de los pies. El espesor a nivel de todas sus capas, son delgadas llegando a suprimirse algunas de ellas. Está formada por las estructuras de: \r\n\r\nLa epidermis, compuesta por un epitelio de tipo plano estratificado queratinizado, el cual está conformado por los siguientes estratos:\r\n\r\n- Un estrato córneo donde se encuentran células queratinizadas a-planadas y muertas sin núcleo.\r\n- Un estrato granuloso que contiene queratinocitos con abundantes gránulos de queratohialina en su citoplasma y conservan aún sus núcleos.\r\n- Un estrato espinoso delgado, cuyas células poseen tonofilamentos y gránulos, conocidas como células espinosas.\r\n- Un estrato germinativo o basal de forma cúbica o cilíndrica baja de gran actividad mitótica.\r\n\r\nNótese que en la piel delgada se halla ausente el estrato lúcido.\r\n\r\nLa dermis compuesta por dos segmentos: uno superficial llamado dermis papilar compuesto de tejido conectivo laxo cuyas fibras de colágena son de tipo III, otro profundo conocido como dermis reticular compuesto de tejido conectivo denso irregular con fibras de colágena tipo I y fibras elásticas. En esta porción de la dermis se pueden localizar glándulas de tipo sudoríparas y/o sebáceas más los folículos pilosos.','\r',char(13)),'\n',char(10)),133);
INSERT INTO ficha VALUES(108,replace(replace('Piel delgada. T. Mallory.\r\nLa piel delgada se halla cubriendo casi todo el cuerpo excepto las palmas de las manos y las plantas de los pies. Su espesor a nivel de todas sus capas son delgadas llegando a suprimirse algunas de ellas. Está formada por las estructuras de:\r\n\r\nLa epidermis, compuesta por un epitelio de tipo plano estratificad. queratinizado, el cual está conformado por los siguientes estratos:\r\n\r\n- Un estrato córneo donde se encuentran células queratinizadas a-planadas y muertas sin núcleo.\r\n- Un estrato granuloso que contiene queratinocitos con abundantes gránulos de queratohialina en su citoplasma y conservan aún sus núcleos.\r\n- Un estrato espinoso delgado, cuyas células poseen tonofilamentos y gránulos, conocidas como células espinosas.\r\n- Un estrato germinativo o basal de forma cúbica o cilíndrica baja de gran actividad mitótica.\r\n\r\nNótese en la piel delgada se halla ausente el estrato lúcido. \r\n\r\nLa dermis compuesta por dos segmentos: uno superficial llamado dermis papilar compuesto de tejido conectivo laxo cuyas fibras de colágena son del tipo III, otro profundo conocido como dermis reticular compuesto de tejido conectivo denso irregular con fibras de colágena tipo I y fibras elásticas. En esta porción de la dermis se pueden localizar glándulas de tipo sudoríparas y/o sebáceas más los folículos pilosos.\r\n\r\nLa capa subcutánea o hipodermis no forma parte de la piel pero se encuentra por debajo de esta, y se halla conformada por abundantes células adiposas.','\r',char(13)),'\n',char(10)),134);
INSERT INTO ficha VALUES(109,replace(replace('Piel gruesa. H.E.\r\nLa piel gruesa es propia de las palmas de las manos y plantas de los pies. A diferencia de la piel delgada sus estructuras se presenta de la siguiente manera:\r\n\r\nLa epidermis, compuesta por un epitelio de tipo plano estratificad• queratinizado, conformado por los siguientes estratos:\r\n\r\n- Un estrato córneo donde se encuentran células queratinizadas a-planadas y muertas sin núcleo, que se presentan en múltiples capas.\r\n\r\n- Un estrato lúcido, llamado así, por que sus queratinocitos no poseen núcleos ni organelas por lo cual se tiñen de manera clara.\r\n\r\n- Un estrato granuloso el cual tiene el mayor espesor de todos los estratos ya que superponen de tres a cinco capas celulares de que ratinocitos que contienen gránulos de queratohialina en su cito-plasma y conservan aún sus núcleos.\r\n\r\n- Un estrato espinoso, cuyas células poseen tonofilamentos y gránulos, conocidas como células espinosas.\r\n\r\n- Un estrato germinativo de forma cúbica o cilíndrica baja, de gran actividad mitótica.\r\n\r\nLa dermis compuesta por dos segmentos: uno superficial llamado dermis papilar compuesto de tejido conectivo laxo cuyas fibras de colágena son de tipo III, otro profunda conocido como dermis reticular compuesto de tejido conectivo denso irregular con fibras de colágena tipo I y fibras elásticas. En esta porción de la dermis se pueden localizar glándulas sudoríparas pero carece de folículos pilosos y glándulas sebáceas.\r\n\r\nLa capa subcutánea o hipodermis no forma parte de la piel pero se encuentra por debajo de esta, y se halla conformada por abundantes células adiposas.','\r',char(13)),'\n',char(10)),135);
INSERT INTO ficha VALUES(110,replace(replace('Piel gruesa. T. van Gieson.\r\nLa piel gruesa es propia de las palmas de las manos y plantas de los pies. A diferencia de la piel delgada sus estructuras se presentan de la siguiente manera: \r\n\r\nLa epidermis, compuesta por un epitelio de tipo plano estratifica-do queratinizado, el cual está conformado por los siguientes estratos:\r\n\r\n- Un estrato córneo donde se encuentran células queratinizadas aplanadas y muertas sin núcleo, que se presentan en múltiples capas.\r\n\r\n- Un estrato lúcido, llamado así por que sus queratinocitos no poseen núcleos ni organelas por lo cual se tiñen de manera clara.\r\n\r\n- Un estrato granuloso el cual tiene el mayor espesor de todos los estratos ya que superponen de tres a cinco capas celulares de queratinocitos que contienen gránulos de queratohialina en su citoplasma y conservan aún sus núcleos.\r\n\r\n- Un estrato espinoso, cuyas células poseen tonofilamentos y gránulos, conocidas como células espinosas.\r\n\r\n- Un estrato germinativo o basal de forma cúbica o cilíndrica baja, de gran actividad mitótica.\r\n\r\nLa dermis compuesta por dos segmentos: uno superficial llamado dermis papilar compuesto de tejido conectivo laxo cuyas fibras de colágena son de tipo III, otro profunda conocido como dermis reticular compuesto de tejido conectivo denso irregular con fibras de colágena tipo I y fibras elásticas. En esta porción de la dermis se pueden localizar glándulas sudoríparas pero carece de folículos pilosos y glándulas sebáceas.','\r',char(13)),'\n',char(10)),136);
INSERT INTO ficha VALUES(111,replace(replace('Piel gruesa — melanocitos. T. Mallory.\r\nLa epidermis, compuesta por un epitelio de tipo plano estratificado queratinizado, está conformada por distintos estratos, ya descritos anteriormente, de los cuales vamos a estudiar el basal.\r\n\r\n- El estrato germinativo o basal tiene células de forma cúbica o cilíndrica baja, de gran actividad mitótica, entre las cuales se destacan los melanocitos, que también se los puede encontrar asilados en la dermis. Estos tienen una morfología cilíndrica, poseen prolongaciones dendríticas a lo largo de los estratos más superficiales y contienen en su interior los melanosomas, que gracias a distintas reacciones enzimáticas, cumplirán con la función de dar el color característico de la piel, que variará según su medio ambiente.\r\n\r\nLa dermis compuesta por dos segmentos: uno superficial llamado dermis papilar compuesto de tejido conectivo laxe cuyas fibras de colágena son de tipo III, otro profunda conocido como dermis reticular compuesto de tejido conectivo denso irregular con fibras de colágena tipo I y fibras elásticas. En esta porción de la dermis se pueden localizar glándulas sudoríparas pero carece de folículos pilosos y glándulas sebáceas.','\r',char(13)),'\n',char(10)),137);
INSERT INTO ficha VALUES(112,replace(replace('Piel cabelluda — Glándulas sebáceas. H.E.\r\nEste tejido es un tipo de piel fina o delgada, formada por la epidermis, compuesta por un epitelio plano estratificado queratinizado y la dermis compuesta por dos segmentos: uno superficial llamado dermis papilar compuesto de tejido conectivo laxo cuyas fibras de colágena son del tipo III, otro pro-fundo conocido como dermis reticular compuesto de tejido conectivo denso irregular con fibras de colágena tipo I y fibras elásticas. En esta porción de la dermis se observa glándulas sebáceas y folículos pilosos.','\r',char(13)),'\n',char(10)),138);
INSERT INTO ficha VALUES(113,replace(replace('Piel cabelluda — Glándulas sudoríparas. T. Mallory\r\nEn esta foto se describen tres estructuras principales:\r\n\r\nLas glándulas sudoríparas écrinas, que son un tipo de glándulas tubulares no ramificadas y enrolladas, se encuentran a todo nivel excepto en los bordes de los labios, el glande del pene, la membrana del tímpano y el lecho ungueal. Consta de dos porciones: la porción secretora que se localiza en la dermis o hipodermis y la porción excretora que asciende a la epidermis para desembocar en el poro sudoríparo.\r\n\r\nLas glándulas sebáceas usualmente se hallan en relación estrecha con los folículos pilosos o simplemente se las encuentra dispersas en la dermis de la piel delgada. Sus glándulas son de tipo alveolar y sintetizan lípido. Por su tipo de secreción puede considerárselas como holócrinas. Presentan conductos amplios que desembocan en la vaina radicular del pelo o simplemente a través de poros en la piel.\r\n\r\nSu importancia funcional se refiere a la conservación de la piel lubricándola, evitando su desecación y volviéndola impermeable al agua.\r\n\r\nFinalmente los folículos pilosos que se localizan en la dermis de la piel delgada.','\r',char(13)),'\n',char(10)),139);
INSERT INTO ficha VALUES(114,replace(replace('Folículo piloso. T. Mallory.\r\nLos pelos se distribuyen en casi todas las regiones de la superficie de la piel excepto en las palmas de las manos, plantas de los pies, cara dorsal de las falanges distales, en la superficie del ano y orificios urogenitales. En primera instancia pasemos a describir el folículo piloso para luego proseguir con el pelo como tal.\r\n\r\nEl folículo piloso se desarrolla a partir de la epidermis, posterior-mente invadirá la dermis incluso la hipodermis, por lo tanto este folículo presentará algunos componentes de la dermis como ser:\r\n\r\n- La membrana vítrea que es una membrana basal engrosada que separa la dermis del epitelio folicular.\r\n\r\n- Este epitelio folicular por sus capas externas formará la vaina radicular externa de la raíz\r\n\r\n- Por sus capas internas se formará la vaina radicular interna de la raíz que se compone a su vez de tres estructuras: la capa de Henle compuesta por una capa de células cúbicas, la capa de Huxley compuesta por dos capas de células planas y la cutícula compuesta por células planas que se repliegan a la base del folículo piloso.\r\n\r\nEl pelo presenta tres estructuras desarrolladas a partir de células de la matriz del pelo:\r\n\r\n- La cutícula del pelo formada por células de la matriz más periféricas.\r\n- La corteza formada por células de la matriz periféricas.\r\n- La médula formada por células de la matriz centrales.','\r',char(13)),'\n',char(10)),140);
INSERT INTO ficha VALUES(115,replace(replace('Uña — corte longitudinal. H.E.\r\nLa uña es una placa de epitelio altamente queratinizada, localizada en el dorso de las falanges dista-les de manos y pies. En el extremo proximal de la uña se encuentra el eponiquio que es el lugar de unión de esta placa queratinizada con la piel continuándose de esta manera con su estrato córneo.\r\n\r\nBajo la uña se encuentra una capa de epitelio conocida como lecho ungueal, dependiente de la epidermis, la cual permitirá el crecimiento libre de la uña.','\r',char(13)),'\n',char(10)),141);
INSERT INTO ficha VALUES(116,replace(replace('Uña — corte longitudinal. H.E.\r\nLa uña es una placa de epitelio altamente queratinizada, localizada en el dorso de las falanges dista les de manos y pies. En el extremo libre y distal de la uña se encuentra el hiponiquio que se continúa al igual que el eponiquio con el estrato córneo de la epidermis.\r\n\r\nBajo la uña se encuentra una capa de epitelio conocida como lecho ungueal, dependiente de la epidermis, la cual permitirá el crecimiento libre de la uña.','\r',char(13)),'\n',char(10)),142);
INSERT INTO ficha VALUES(117,replace(replace('Uña — corte transversal. H.E.\r\nLa uña es una placa de epitelio altamente queratinizada, localizada en el dorso de las falanges dista-les de manos y pies. En el extremo libre y distal de la uña se encuentra el hiponiquio que se continúa al igual que el eponiquio con el estrato córneo de la epidermis.\r\n\r\nBajo la uña se encuentra una capa de epitelio conocida como lecho ungueal, dependiente de la epidermis, la cual permitirá el crecimiento libre de la uña.','\r',char(13)),'\n',char(10)),143);
INSERT INTO ficha VALUES(118,replace(replace('Fosas nasales. H.E.\r\nLas fosas nasales pertenecen a la porción conductora del aparato respiratorio, que por su función se divide en dos regiones:\r\n\r\na. Región respiratoria, encargada de humidificar y entibiar el aire, se compone por:\r\n\r\n- Vestíbulo, que representa la porción anterior de la cavidad nasal, está revestido por piel delgada con-teniendo las vibrisas y glándulas sebáceas.\r\n- Tabique nasal que divide la cavidad nasal en dos lados, derecho e izquierdo.\r\n- Cavidad nasal propiamente dicha, conformada por los cornetes rodeados de un epitelio respiratorio con células caliciformes. Su función es la producir turbulencias de aire.\r\n\r\nb. Región olfatoria que se encuentra conformada por células olfatorias, de sostén, basales y las glándulas de Bowman, las cuales se encargan por diferentes especializaciones de transportar y optimizar los distintos aromas hacia el cerebro para su análisis.','\r',char(13)),'\n',char(10)),144);
INSERT INTO ficha VALUES(119,replace(replace('Epiglotis. H.E.\r\nLa epiglotis es una estructura dependiente de la laringe, la cual se encarga del transporte de aire a través de su apertura y alimentos a través de su cierre.\r\n\r\nLa laringe presenta dos superficies de acuerdo a sus relaciones anatómicas. La superficie laríngea, está revestida de un epitelio respiratorio, el cual se continúa con las diferentes porciones de la vía respiratoria. La superficie lingual, revestida por un epitelio plano estratificado, que se continuará con las diferentes estructuras de la orofaringe.\r\n\r\nInmediatamente por debajo de esta mucosa se puede identificar la submucosa, conformada por tejido conectivo laxo conteniendo en su interior las glándulas mucoserosas mixtas, encargadas de la producción de moco.\r\n\r\nFinalmente hacia el centro se puede reconocer el cartílago elástico, que brinda a la epiglotis la consistencia necesaria para ejercer sus funciones.','\r',char(13)),'\n',char(10)),145);
INSERT INTO ficha VALUES(120,replace(replace('Epiglotis. T. Mallory.\r\nLa epiglotis es una estructura dependiente de la laringe, encargada del transporte de aire a través de su apertura y alimentos a través de su cierre.\r\n\r\nLa laringe presenta dos superficies de acuerdo a s relación anatómica. La superficie laríngea revestida de un epitelio respiratorio, el cual se continuará con las diferentes porciones de la vía respiratoria. La superficie lingual, revestida por un epitelio plano estratificado que se continuará con las diferentes estructuras de la orofaringe.\r\n\r\nInmediatamente por debajo de esta mucosa se puede identificar la submucosa, conformada por tejido conectivo laxo, conteniendo en su interior las glándulas mucoserosas mixtas, encargadas de la producción de moco.\r\n\r\nFinalmente hacia el centro se puede reconocer el cartílago elástico, que brinda a la epiglotis la consistencia necesaria para ejercer sus funciones.','\r',char(13)),'\n',char(10)),146);
INSERT INTO ficha VALUES(121,replace(replace('Tráquea. H.E.\r\nLa tráquea cuya longitud alcanza los 10cm de diámetro y 1.5 de espesor, cuenta con 16 a 20 anillos cartilaginosos en todo su espesor. Histológicamente se reconoce:\r\n\r\n- La mucosa, que cuenta con una lámina epitelial de tipo respiratorio que descansa sobre su lámina propia, está compuesta por tejido conectivo laxo con fibras elásticas.\r\n- La túnica submucosa formada a partir de tejido conectivo laxo, que contiene en su interior las glándulas traqueales seromucosas mixtas.\r\n- En la porción media se localiza el cartílago hialino, que se asemeja a una herradura.\r\n- La túnica adventicia representada por el pericondrio, rico en lípidos compuesto por tejido conectivo laxo.','\r',char(13)),'\n',char(10)),147);
INSERT INTO ficha VALUES(122,replace(replace('Tráquea. T. Mallory.\r\nLa tráquea cuya longitud alcanza los 10cm de diámetro y 1.5 de espesor, cuenta con 16 a 20 anillos cartilaginosos en todo su espesor. Histológicamente se reconoce:\r\n\r\n- La mucosa, que cuenta con una lámina epitelial de tipo respiratorio que descansa sobre su lámina propia, está compuesta por tejido conectivo laxo con fibras elásticas.\r\n- La túnica submucosa formada a partir de tejido conectivo laxo, que contiene en su interior las glándulas traqueales seromucosas mixtas.\r\n- En la porción media se localiza el cartílago hialino, que se asemeja a una herradura.\r\n- La túnica adventicia representada por el pericondrio, rico en lípidos compuesto por tejido conectivo laxo.','\r',char(13)),'\n',char(10)),148);
INSERT INTO ficha VALUES(123,replace(replace('Bronquio. H.E.\r\nLos bronquios pertenecen a la porción conductora de aire del aparato respiratorio, su estructura histológica es similar al de la tráquea, observándose:\r\n\r\n- La mucosa, que cuenta con una lámina epitelial de tipo respiratorio que descansa sobre su lámina propia, está compuesta por tejido conectivo laxo con fibras elásticas.\r\n- La túnica submucosa está formada a partir de tejido conectivo laxo, que contiene en su interior las glándulas traqueales seromucosas mixtas.\r\n- En la porción media se localiza el cartílago hialino, el cual se torna irregular, siendo complementado por musculatura lisa para forma un anillo completo.\r\n- La túnica adventicia representada por el pericondrio, rico en lípidos y se compone a partir de tejido conectivo laxo.\r\n\r\nLos bronquios usualmente se hallan rodeados por los alvéolos.','\r',char(13)),'\n',char(10)),149);
INSERT INTO ficha VALUES(124,replace(replace('Pulmón. H.E.\r\nEn esta foto se puede apreciar la amplia distribución de alvéolos respiratorios, los cuales son espacios poliédricos con una de sus paredes abierta hacia un bronquíolo respiratorio. Todos los alvéolos están separados unos de otros por un tabique interalveolar.\r\n\r\nCada alvéolo está formado por epitelio plano muy delgado constituido por células alveolares tipo I y II, donde cada una de estas se halla en vecindad con los capilares sanguíneos, llegándose conforma de esta manera la barrera aire — sangre, vale decir: el endotelio de los vasos sanguínos, su lámina basal y el epitelio alveolar con sus células alveolares tipo I, más su lámina basal. \r\n\r\nLos bronquíolos se distinguen por su mucosa la cual presenta un epitelio cilíndrico simple, desaparece el cartílago hialino, por lo tanto se engrosa la muscular. Estos realizan su trayecto acompañados, en su mayoría, por vasos sanguíneos.','\r',char(13)),'\n',char(10)),150);
INSERT INTO ficha VALUES(125,replace(replace('Pulmón. T. Mallory.\r\nEn esta foto se puede apreciar la amplia distribución de alvéolos respiratorios, los cuales son espacios poliédricos con una de sus paredes abierta hacia un bronquíolo respiratorio. Todos los alvéolos están separados unos de otros por un tabique interalveolar.\r\n\r\nCada alvéolo está formado por epitelio plano muy delgado constituido por células alveolares tipo I y II, donde cada una de estas se halla en vecindad con los capilares sanguíneos, llegándose conformar de esta manera la barrera aire — sangre, vale decir: el endotelio de los vasos sanguíneos, su lámina basal y el epitelio alveolar con sus células alveolares tipo I, más su lámina basal.\r\n\r\nLos bronquios pertenecen a la porción conductora de aire del apa-rato respiratorio, su estructura histológica es similar al de la tráquea, observándose:\r\n\r\n- La mucosa, que cuenta con una lámina epitelial de tipo respira torio que descansa sobre su lámina propia, compuesta por tejido conectivo laxo con fibras elásticas.\r\n- La túnica submucosa formada a partir de tejido conectivo laxo, que contiene en su interior a las glándulas traqueales seromucosas mixtas.\r\n- En la porción media se localiza el cartílago hialino, el cual se torna irregular, siendo complementado por musculatura lisa para forma un anillo completo.\r\n- La túnica adventicia representada por el pericondrio, rico en lípidos y se compone a partir de tejido conectivo laxo.\r\n\r\nLos bronquiolos se distinguen por su mucosa la cual presenta un epitelio cilíndrico simple, desaparece el cartílago hialino, por lo tanta se engrosa la muscular. Estos realizan su trayecto acompañados, en su mayoría, por vasos sanguíneos.','\r',char(13)),'\n',char(10)),151);
DELETE FROM sqlite_sequence;
INSERT INTO sqlite_sequence VALUES('django_migrations',22);
INSERT INTO sqlite_sequence VALUES('django_admin_log',134);
INSERT INTO sqlite_sequence VALUES('django_content_type',9);
INSERT INTO sqlite_sequence VALUES('auth_permission',36);
INSERT INTO sqlite_sequence VALUES('auth_group',0);
INSERT INTO sqlite_sequence VALUES('auth_user',1);
INSERT INTO sqlite_sequence VALUES('elemento',220);
INSERT INTO sqlite_sequence VALUES('ficha',125);
CREATE UNIQUE INDEX "auth_group_permissions_group_id_permission_id_0cd325b0_uniq" ON "auth_group_permissions" ("group_id", "permission_id");
CREATE INDEX "auth_group_permissions_group_id_b120cbf9" ON "auth_group_permissions" ("group_id");
CREATE INDEX "auth_group_permissions_permission_id_84c5c92e" ON "auth_group_permissions" ("permission_id");
CREATE UNIQUE INDEX "auth_user_groups_user_id_group_id_94350c0c_uniq" ON "auth_user_groups" ("user_id", "group_id");
CREATE INDEX "auth_user_groups_user_id_6a12ed8b" ON "auth_user_groups" ("user_id");
CREATE INDEX "auth_user_groups_group_id_97559544" ON "auth_user_groups" ("group_id");
CREATE UNIQUE INDEX "auth_user_user_permissions_user_id_permission_id_14a6b632_uniq" ON "auth_user_user_permissions" ("user_id", "permission_id");
CREATE INDEX "auth_user_user_permissions_user_id_a95ead1b" ON "auth_user_user_permissions" ("user_id");
CREATE INDEX "auth_user_user_permissions_permission_id_1fbb5f2c" ON "auth_user_user_permissions" ("permission_id");
CREATE INDEX "django_admin_log_content_type_id_c4bce8eb" ON "django_admin_log" ("content_type_id");
CREATE INDEX "django_admin_log_user_id_c564eba6" ON "django_admin_log" ("user_id");
CREATE UNIQUE INDEX "django_content_type_app_label_model_76bd3d3b_uniq" ON "django_content_type" ("app_label", "model");
CREATE UNIQUE INDEX "auth_permission_content_type_id_codename_01ab375a_uniq" ON "auth_permission" ("content_type_id", "codename");
CREATE INDEX "auth_permission_content_type_id_2f476e4b" ON "auth_permission" ("content_type_id");
CREATE INDEX "fotografia_id_ficha_e5f03b6e" ON "fotografia" ("id_ficha");
CREATE INDEX "elemento_ele_id_elemento_262e5548" ON "elemento" ("ele_id_elemento");
CREATE INDEX "django_session_expire_date_a5c62663" ON "django_session" ("expire_date");
CREATE INDEX "ficha_id_elemento_0a372fa0" ON "ficha" ("id_elemento");
COMMIT;
